LocationId,CrimeId
364,1
14,2
87,3
442,4
265,5
262,6
397,7
145,8
946,9
798,10
499,11
932,12
451,13
801,14
366,15
579,16
774,17
922,18
971,19
561,20
760,21
52,22
275,23
156,24
302,25
575,26
387,27
233,28
873,29
303,30
605,31
712,32
202,33
924,34
203,35
881,36
469,37
251,38
965,39
915,40
95,41
809,42
325,43
22,44
177,45
631,46
200,47
386,48
971,49
650,50
136,51
458,52
591,53
452,54
694,55
891,56
772,57
768,58
681,59
738,60
39,61
547,62
83,63
879,64
441,65
249,66
854,67
632,68
79,69
141,70
228,71
463,72
877,73
216,74
849,75
450,76
434,77
693,78
853,79
152,80
95,81
208,82
787,83
95,84
540,85
916,86
888,87
732,88
539,89
904,90
811,91
717,92
945,93
266,94
178,95
115,96
436,97
394,98
513,99
743,100
792,101
707,102
386,103
726,104
849,105
888,106
739,107
509,108
807,109
353,110
366,111
128,112
524,113
896,114
181,115
520,116
566,117
256,118
419,119
862,120
792,121
458,122
772,123
953,124
175,125
719,126
758,127
247,128
959,129
405,130
244,131
961,132
16,133
899,134
188,135
335,136
900,137
758,138
339,139
751,140
237,141
411,142
254,143
181,144
540,145
305,146
674,147
355,148
864,149
425,150
658,151
55,152
561,153
765,154
492,155
733,156
468,157
427,158
689,159
875,160
692,161
891,162
18,163
556,164
122,165
838,166
220,167
283,168
806,169
250,170
312,171
596,172
261,173
819,174
182,175
884,176
277,177
130,178
835,179
919,180
924,181
97,182
131,183
720,184
193,185
831,186
490,187
972,188
306,189
294,190
179,191
980,192
519,193
211,194
966,195
934,196
538,197
649,198
301,199
278,200
783,201
476,202
714,203
163,204
455,205
803,206
881,207
378,208
924,209
678,210
792,211
427,212
539,213
108,214
117,215
848,216
856,217
977,218
793,219
7,220
564,221
721,222
123,223
93,224
362,225
592,226
997,227
177,228
878,229
723,230
413,231
228,232
663,233
98,234
451,235
217,236
462,237
541,238
505,239
703,240
55,241
859,242
21,243
287,244
811,245
458,246
847,247
631,248
14,249
668,250
555,251
668,252
746,253
278,254
912,255
153,256
372,257
883,258
757,259
646,260
962,261
468,262
958,263
623,264
134,265
103,266
391,267
141,268
492,269
236,270
804,271
911,272
356,273
831,274
603,275
369,276
262,277
143,278
272,279
937,280
211,281
325,282
598,283
660,284
639,285
275,286
155,287
148,288
247,289
668,290
957,291
829,292
764,293
588,294
854,295
244,296
451,297
383,298
247,299
420,300
921,301
356,302
251,303
33,304
311,305
748,306
642,307
532,308
799,309
755,310
855,311
877,312
597,313
920,314
370,315
738,316
278,317
707,318
308,319
99,320
938,321
525,322
818,323
77,324
599,325
172,326
973,327
646,328
600,329
324,330
419,331
550,332
707,333
577,334
241,335
627,336
389,337
793,338
98,339
977,340
253,341
327,342
115,343
226,344
288,345
727,346
828,347
21,348
688,349
298,350
583,351
252,352
690,353
693,354
995,355
56,356
754,357
620,358
325,359
671,360
167,361
625,362
461,363
372,364
329,365
496,366
904,367
271,368
665,369
25,370
551,371
319,372
592,373
168,374
244,375
339,376
683,377
425,378
194,379
376,380
244,381
385,382
954,383
647,384
841,385
451,386
893,387
648,388
480,389
538,390
724,391
424,392
831,393
524,394
596,395
741,396
874,397
453,398
428,399
787,400
973,401
158,402
409,403
605,404
330,405
763,406
937,407
849,408
936,409
21,410
318,411
256,412
126,413
116,414
204,415
272,416
389,417
545,418
304,419
716,420
772,421
349,422
839,423
131,424
257,425
806,426
668,427
201,428
297,429
700,430
630,431
324,432
700,433
285,434
723,435
672,436
380,437
97,438
818,439
904,440
959,441
680,442
59,443
79,444
674,445
123,446
763,447
977,448
789,449
877,450
532,451
918,452
885,453
595,454
238,455
447,456
852,457
870,458
438,459
894,460
812,461
402,462
201,463
644,464
942,465
287,466
121,467
327,468
722,469
835,470
591,471
473,472
581,473
95,474
940,475
635,476
465,477
244,478
319,479
316,480
420,481
544,482
762,483
789,484
273,485
174,486
689,487
288,488
533,489
874,490
175,491
819,492
444,493
278,494
669,495
721,496
761,497
379,498
67,499
678,500
697,501
357,502
292,503
11,504
624,505
403,506
574,507
267,508
160,509
434,510
873,511
864,512
728,513
912,514
547,515
656,516
909,517
446,518
239,519
151,520
615,521
516,522
195,523
630,524
940,525
38,526
7,527
453,528
767,529
640,530
230,531
590,532
645,533
460,534
868,535
89,536
593,537
206,538
735,539
782,540
425,541
414,542
545,543
777,544
549,545
349,546
979,547
282,548
184,549
58,550
370,551
737,552
341,553
111,554
226,555
814,556
856,557
529,558
702,559
611,560
809,561
391,562
888,563
180,564
319,565
204,566
838,567
196,568
52,569
237,570
567,571
383,572
160,573
679,574
950,575
718,576
528,577
437,578
745,579
832,580
522,581
580,582
912,583
853,584
757,585
38,586
745,587
670,588
857,589
627,590
698,591
743,592
113,593
901,594
751,595
671,596
714,597
175,598
236,599
610,600
669,601
185,602
841,603
726,604
128,605
195,606
997,607
93,608
744,609
47,610
460,611
537,612
93,613
273,614
179,615
461,616
682,617
262,618
19,619
190,620
205,621
480,622
411,623
97,624
988,625
19,626
604,627
206,628
54,629
380,630
943,631
575,632
117,633
761,634
137,635
733,636
956,637
741,638
516,639
376,640
779,641
308,642
674,643
547,644
437,645
413,646
78,647
838,648
865,649
209,650
916,651
862,652
722,653
677,654
588,655
998,656
396,657
688,658
568,659
649,660
41,661
532,662
966,663
22,664
523,665
16,666
355,667
499,668
154,669
324,670
862,671
842,672
399,673
245,674
9,675
354,676
106,677
579,678
271,679
404,680
353,681
474,682
251,683
375,684
749,685
213,686
878,687
845,688
526,689
681,690
534,691
157,692
529,693
104,694
356,695
96,696
750,697
369,698
605,699
721,700
408,701
20,702
175,703
271,704
54,705
353,706
430,707
952,708
433,709
958,710
251,711
83,712
382,713
778,714
420,715
247,716
575,717
487,718
505,719
845,720
436,721
320,722
541,723
942,724
800,725
971,726
839,727
761,728
828,729
682,730
712,731
312,732
662,733
120,734
41,735
228,736
382,737
479,738
707,739
295,740
785,741
710,742
25,743
590,744
489,745
502,746
852,747
277,748
116,749
938,750
29,751
638,752
707,753
807,754
762,755
227,756
767,757
827,758
505,759
250,760
352,761
654,762
408,763
252,764
660,765
663,766
999,767
678,768
526,769
598,770
40,771
505,772
187,773
140,774
821,775
151,776
216,777
370,778
179,779
779,780
856,781
537,782
569,783
405,784
698,785
635,786
508,787
435,788
716,789
12,790
226,791
771,792
706,793
700,794
590,795
517,796
267,797
662,798
333,799
954,800
809,801
808,802
174,803
83,804
588,805
917,806
774,807
926,808
33,809
401,810
283,811
456,812
137,813
692,814
609,815
534,816
710,817
54,818
36,819
95,820
731,821
57,822
138,823
706,824
655,825
483,826
931,827
877,828
763,829
633,830
848,831
265,832
16,833
556,834
986,835
505,836
820,837
751,838
571,839
892,840
908,841
48,842
945,843
94,844
282,845
649,846
96,847
7,848
231,849
627,850
165,851
511,852
758,853
708,854
180,855
460,856
735,857
744,858
511,859
466,860
361,861
366,862
734,863
341,864
31,865
459,866
641,867
201,868
276,869
498,870
525,871
570,872
934,873
367,874
49,875
966,876
738,877
116,878
945,879
238,880
315,881
279,882
370,883
661,884
101,885
199,886
369,887
500,888
102,889
674,890
904,891
976,892
260,893
457,894
152,895
28,896
14,897
164,898
256,899
24,900
388,901
930,902
680,903
940,904
973,905
453,906
495,907
40,908
962,909
23,910
988,911
87,912
536,913
41,914
91,915
112,916
947,917
940,918
211,919
918,920
120,921
223,922
202,923
93,924
56,925
574,926
185,927
894,928
652,929
690,930
627,931
432,932
705,933
570,934
977,935
846,936
235,937
969,938
846,939
824,940
279,941
930,942
381,943
598,944
932,945
788,946
914,947
768,948
330,949
400,950
508,951
894,952
702,953
530,954
598,955
296,956
440,957
244,958
188,959
214,960
247,961
690,962
613,963
193,964
669,965
448,966
16,967
141,968
151,969
646,970
208,971
550,972
676,973
949,974
306,975
119,976
912,977
727,978
101,979
339,980
973,981
665,982
775,983
54,984
302,985
178,986
407,987
717,988
848,989
527,990
966,991
506,992
38,993
946,994
941,995
916,996
539,997
245,998
877,999
783,1000
617,1001
272,1002
492,1003
20,1004
541,1005
639,1006
40,1007
417,1008
213,1009
37,1010
386,1011
518,1012
120,1013
91,1014
691,1015
99,1016
768,1017
376,1018
799,1019
775,1020
665,1021
238,1022
842,1023
820,1024
234,1025
960,1026
180,1027
264,1028
371,1029
280,1030
988,1031
195,1032
327,1033
371,1034
523,1035
261,1036
393,1037
890,1038
325,1039
286,1040
788,1041
798,1042
858,1043
666,1044
165,1045
632,1046
852,1047
373,1048
619,1049
437,1050
505,1051
235,1052
775,1053
530,1054
939,1055
777,1056
885,1057
463,1058
211,1059
131,1060
137,1061
969,1062
257,1063
368,1064
10,1065
936,1066
171,1067
610,1068
599,1069
622,1070
822,1071
415,1072
403,1073
342,1074
549,1075
227,1076
529,1077
484,1078
865,1079
920,1080
654,1081
785,1082
73,1083
925,1084
702,1085
755,1086
339,1087
180,1088
403,1089
243,1090
441,1091
263,1092
997,1093
894,1094
949,1095
132,1096
171,1097
672,1098
406,1099
259,1100
327,1101
612,1102
396,1103
800,1104
981,1105
743,1106
18,1107
148,1108
845,1109
447,1110
143,1111
926,1112
180,1113
971,1114
575,1115
45,1116
98,1117
938,1118
803,1119
541,1120
54,1121
549,1122
942,1123
214,1124
204,1125
315,1126
356,1127
615,1128
651,1129
613,1130
900,1131
540,1132
724,1133
245,1134
814,1135
486,1136
296,1137
862,1138
146,1139
318,1140
543,1141
47,1142
4,1143
559,1144
302,1145
116,1146
634,1147
812,1148
146,1149
65,1150
870,1151
704,1152
414,1153
678,1154
552,1155
808,1156
584,1157
708,1158
167,1159
991,1160
111,1161
625,1162
616,1163
1,1164
962,1165
288,1166
311,1167
424,1168
641,1169
380,1170
43,1171
129,1172
583,1173
143,1174
152,1175
958,1176
54,1177
100,1178
167,1179
378,1180
377,1181
826,1182
267,1183
471,1184
379,1185
605,1186
564,1187
804,1188
830,1189
87,1190
734,1191
416,1192
948,1193
407,1194
533,1195
705,1196
162,1197
258,1198
549,1199
943,1200
440,1201
532,1202
90,1203
679,1204
203,1205
989,1206
685,1207
61,1208
794,1209
449,1210
763,1211
859,1212
955,1213
270,1214
482,1215
67,1216
983,1217
800,1218
331,1219
848,1220
87,1221
300,1222
410,1223
770,1224
156,1225
486,1226
65,1227
531,1228
925,1229
95,1230
568,1231
374,1232
525,1233
906,1234
683,1235
992,1236
70,1237
600,1238
358,1239
258,1240
436,1241
209,1242
131,1243
665,1244
364,1245
783,1246
926,1247
711,1248
371,1249
511,1250
869,1251
964,1252
13,1253
224,1254
873,1255
516,1256
380,1257
706,1258
434,1259
607,1260
864,1261
197,1262
604,1263
925,1264
603,1265
79,1266
68,1267
651,1268
31,1269
826,1270
60,1271
118,1272
912,1273
486,1274
114,1275
192,1276
630,1277
949,1278
18,1279
716,1280
771,1281
13,1282
791,1283
288,1284
820,1285
766,1286
113,1287
629,1288
565,1289
137,1290
207,1291
559,1292
699,1293
409,1294
509,1295
202,1296
475,1297
148,1298
618,1299
71,1300
102,1301
551,1302
350,1303
474,1304
503,1305
802,1306
735,1307
444,1308
771,1309
399,1310
932,1311
302,1312
801,1313
86,1314
507,1315
935,1316
986,1317
976,1318
145,1319
970,1320
830,1321
911,1322
45,1323
198,1324
198,1325
955,1326
949,1327
269,1328
249,1329
930,1330
330,1331
369,1332
910,1333
708,1334
184,1335
311,1336
904,1337
130,1338
130,1339
172,1340
235,1341
321,1342
86,1343
156,1344
306,1345
31,1346
132,1347
654,1348
347,1349
223,1350
421,1351
762,1352
496,1353
783,1354
818,1355
476,1356
750,1357
750,1358
423,1359
541,1360
606,1361
86,1362
43,1363
127,1364
972,1365
43,1366
415,1367
800,1368
160,1369
684,1370
113,1371
908,1372
804,1373
686,1374
629,1375
95,1376
254,1377
815,1378
952,1379
694,1380
217,1381
490,1382
771,1383
438,1384
36,1385
611,1386
129,1387
174,1388
195,1389
307,1390
79,1391
872,1392
622,1393
404,1394
461,1395
12,1396
619,1397
210,1398
118,1399
559,1400
596,1401
245,1402
263,1403
287,1404
136,1405
854,1406
708,1407
88,1408
266,1409
126,1410
474,1411
430,1412
189,1413
113,1414
628,1415
345,1416
66,1417
80,1418
805,1419
755,1420
555,1421
642,1422
847,1423
59,1424
683,1425
572,1426
748,1427
73,1428
448,1429
462,1430
259,1431
449,1432
716,1433
237,1434
939,1435
775,1436
382,1437
291,1438
866,1439
17,1440
441,1441
943,1442
355,1443
831,1444
978,1445
154,1446
276,1447
277,1448
366,1449
737,1450
424,1451
967,1452
480,1453
311,1454
328,1455
528,1456
46,1457
880,1458
338,1459
43,1460
653,1461
929,1462
802,1463
333,1464
825,1465
168,1466
501,1467
124,1468
153,1469
497,1470
287,1471
751,1472
946,1473
656,1474
199,1475
654,1476
340,1477
290,1478
877,1479
294,1480
369,1481
416,1482
559,1483
502,1484
196,1485
353,1486
765,1487
770,1488
756,1489
173,1490
269,1491
17,1492
483,1493
429,1494
54,1495
372,1496
572,1497
169,1498
417,1499
723,1500
771,1501
801,1502
634,1503
214,1504
68,1505
140,1506
711,1507
476,1508
625,1509
584,1510
401,1511
679,1512
832,1513
464,1514
632,1515
906,1516
305,1517
924,1518
393,1519
648,1520
364,1521
226,1522
644,1523
570,1524
528,1525
510,1526
490,1527
732,1528
856,1529
357,1530
728,1531
191,1532
168,1533
443,1534
363,1535
927,1536
663,1537
214,1538
434,1539
94,1540
950,1541
143,1542
164,1543
9,1544
759,1545
641,1546
14,1547
284,1548
965,1549
320,1550
207,1551
860,1552
576,1553
367,1554
737,1555
690,1556
830,1557
238,1558
246,1559
68,1560
212,1561
887,1562
935,1563
973,1564
253,1565
430,1566
78,1567
506,1568
845,1569
261,1570
523,1571
551,1572
893,1573
170,1574
116,1575
252,1576
281,1577
35,1578
487,1579
195,1580
378,1581
34,1582
572,1583
48,1584
207,1585
472,1586
152,1587
910,1588
188,1589
14,1590
290,1591
282,1592
25,1593
683,1594
991,1595
663,1596
174,1597
887,1598
661,1599
316,1600
319,1601
818,1602
733,1603
243,1604
977,1605
309,1606
337,1607
376,1608
81,1609
564,1610
695,1611
802,1612
209,1613
597,1614
968,1615
70,1616
183,1617
916,1618
972,1619
206,1620
646,1621
754,1622
182,1623
214,1624
560,1625
442,1626
240,1627
644,1628
681,1629
404,1630
838,1631
864,1632
487,1633
500,1634
406,1635
701,1636
10,1637
845,1638
46,1639
821,1640
863,1641
366,1642
632,1643
269,1644
378,1645
495,1646
796,1647
470,1648
847,1649
303,1650
520,1651
596,1652
844,1653
252,1654
80,1655
443,1656
149,1657
823,1658
341,1659
505,1660
307,1661
155,1662
666,1663
516,1664
446,1665
288,1666
988,1667
657,1668
708,1669
560,1670
818,1671
305,1672
871,1673
935,1674
803,1675
617,1676
994,1677
849,1678
919,1679
24,1680
717,1681
458,1682
869,1683
835,1684
881,1685
25,1686
918,1687
614,1688
450,1689
962,1690
444,1691
893,1692
342,1693
791,1694
271,1695
212,1696
18,1697
405,1698
860,1699
638,1700
689,1701
238,1702
379,1703
696,1704
997,1705
142,1706
603,1707
704,1708
54,1709
1,1710
965,1711
418,1712
12,1713
309,1714
709,1715
409,1716
840,1717
548,1718
359,1719
691,1720
338,1721
852,1722
758,1723
195,1724
795,1725
651,1726
198,1727
166,1728
245,1729
370,1730
981,1731
742,1732
200,1733
465,1734
381,1735
741,1736
924,1737
673,1738
756,1739
943,1740
461,1741
493,1742
813,1743
258,1744
801,1745
360,1746
237,1747
181,1748
749,1749
383,1750
117,1751
908,1752
184,1753
862,1754
892,1755
209,1756
164,1757
961,1758
448,1759
877,1760
373,1761
745,1762
980,1763
963,1764
838,1765
878,1766
947,1767
69,1768
24,1769
962,1770
582,1771
606,1772
182,1773
338,1774
898,1775
627,1776
974,1777
905,1778
827,1779
717,1780
669,1781
471,1782
380,1783
880,1784
170,1785
594,1786
324,1787
532,1788
100,1789
410,1790
696,1791
677,1792
519,1793
172,1794
265,1795
598,1796
149,1797
379,1798
511,1799
573,1800
473,1801
259,1802
971,1803
942,1804
168,1805
670,1806
204,1807
754,1808
775,1809
532,1810
463,1811
858,1812
663,1813
472,1814
193,1815
366,1816
669,1817
977,1818
166,1819
614,1820
387,1821
224,1822
690,1823
69,1824
192,1825
898,1826
537,1827
549,1828
118,1829
292,1830
29,1831
811,1832
942,1833
951,1834
817,1835
179,1836
638,1837
445,1838
859,1839
332,1840
765,1841
592,1842
399,1843
40,1844
559,1845
83,1846
518,1847
230,1848
956,1849
104,1850
25,1851
398,1852
637,1853
265,1854
783,1855
935,1856
57,1857
462,1858
355,1859
705,1860
303,1861
760,1862
652,1863
561,1864
114,1865
197,1866
199,1867
79,1868
862,1869
477,1870
508,1871
661,1872
820,1873
671,1874
240,1875
42,1876
712,1877
909,1878
706,1879
581,1880
470,1881
833,1882
549,1883
349,1884
907,1885
366,1886
326,1887
653,1888
842,1889
749,1890
228,1891
830,1892
370,1893
369,1894
510,1895
8,1896
571,1897
661,1898
328,1899
553,1900
184,1901
677,1902
150,1903
176,1904
167,1905
145,1906
745,1907
989,1908
391,1909
848,1910
331,1911
511,1912
639,1913
447,1914
571,1915
218,1916
577,1917
71,1918
835,1919
649,1920
338,1921
826,1922
696,1923
632,1924
288,1925
359,1926
373,1927
759,1928
690,1929
450,1930
981,1931
641,1932
357,1933
460,1934
77,1935
8,1936
759,1937
253,1938
364,1939
318,1940
992,1941
615,1942
232,1943
555,1944
344,1945
837,1946
668,1947
433,1948
721,1949
811,1950
370,1951
924,1952
247,1953
433,1954
977,1955
827,1956
611,1957
683,1958
709,1959
896,1960
768,1961
746,1962
538,1963
282,1964
742,1965
585,1966
560,1967
161,1968
231,1969
718,1970
782,1971
458,1972
788,1973
686,1974
716,1975
302,1976
399,1977
519,1978
85,1979
933,1980
649,1981
863,1982
660,1983
254,1984
754,1985
715,1986
492,1987
548,1988
120,1989
775,1990
815,1991
735,1992
469,1993
360,1994
4,1995
784,1996
178,1997
158,1998
83,1999
155,2000
595,2001
975,2002
492,2003
429,2004
89,2005
562,2006
592,2007
9,2008
765,2009
483,2010
172,2011
43,2012
544,2013
175,2014
584,2015
564,2016
678,2017
822,2018
126,2019
833,2020
244,2021
145,2022
237,2023
383,2024
784,2025
159,2026
808,2027
53,2028
968,2029
308,2030
964,2031
647,2032
526,2033
542,2034
506,2035
9,2036
969,2037
858,2038
789,2039
190,2040
380,2041
496,2042
476,2043
239,2044
303,2045
786,2046
134,2047
655,2048
297,2049
678,2050
438,2051
316,2052
737,2053
728,2054
5,2055
766,2056
430,2057
499,2058
589,2059
663,2060
116,2061
395,2062
883,2063
884,2064
509,2065
813,2066
973,2067
432,2068
189,2069
406,2070
673,2071
752,2072
803,2073
183,2074
801,2075
77,2076
809,2077
720,2078
814,2079
497,2080
68,2081
754,2082
359,2083
935,2084
552,2085
666,2086
940,2087
439,2088
838,2089
136,2090
214,2091
298,2092
955,2093
152,2094
932,2095
319,2096
130,2097
273,2098
341,2099
519,2100
440,2101
905,2102
727,2103
986,2104
726,2105
86,2106
794,2107
436,2108
655,2109
798,2110
342,2111
980,2112
628,2113
899,2114
723,2115
493,2116
536,2117
194,2118
279,2119
923,2120
950,2121
523,2122
694,2123
794,2124
460,2125
394,2126
202,2127
560,2128
395,2129
5,2130
642,2131
954,2132
327,2133
605,2134
191,2135
352,2136
949,2137
26,2138
236,2139
808,2140
274,2141
350,2142
13,2143
463,2144
475,2145
926,2146
266,2147
478,2148
48,2149
491,2150
546,2151
532,2152
6,2153
260,2154
194,2155
783,2156
110,2157
281,2158
267,2159
835,2160
380,2161
739,2162
718,2163
448,2164
191,2165
217,2166
78,2167
461,2168
955,2169
155,2170
223,2171
973,2172
185,2173
960,2174
809,2175
677,2176
638,2177
889,2178
208,2179
247,2180
577,2181
596,2182
258,2183
601,2184
702,2185
700,2186
116,2187
949,2188
113,2189
472,2190
496,2191
879,2192
833,2193
907,2194
416,2195
77,2196
985,2197
283,2198
734,2199
258,2200
913,2201
120,2202
208,2203
558,2204
253,2205
775,2206
51,2207
407,2208
898,2209
154,2210
568,2211
141,2212
251,2213
603,2214
487,2215
408,2216
74,2217
222,2218
301,2219
587,2220
743,2221
639,2222
925,2223
999,2224
879,2225
709,2226
46,2227
904,2228
284,2229
97,2230
455,2231
507,2232
100,2233
465,2234
170,2235
674,2236
217,2237
916,2238
117,2239
349,2240
622,2241
206,2242
725,2243
746,2244
390,2245
797,2246
536,2247
147,2248
489,2249
360,2250
420,2251
50,2252
31,2253
4,2254
81,2255
603,2256
859,2257
177,2258
204,2259
577,2260
242,2261
767,2262
372,2263
652,2264
355,2265
999,2266
471,2267
786,2268
173,2269
430,2270
389,2271
287,2272
410,2273
265,2274
750,2275
730,2276
292,2277
650,2278
763,2279
393,2280
721,2281
729,2282
593,2283
418,2284
867,2285
203,2286
426,2287
151,2288
567,2289
131,2290
464,2291
957,2292
979,2293
723,2294
384,2295
331,2296
722,2297
986,2298
805,2299
266,2300
308,2301
949,2302
467,2303
145,2304
896,2305
368,2306
250,2307
850,2308
332,2309
807,2310
517,2311
370,2312
325,2313
737,2314
812,2315
567,2316
990,2317
856,2318
625,2319
862,2320
816,2321
179,2322
147,2323
374,2324
317,2325
245,2326
470,2327
719,2328
61,2329
152,2330
79,2331
774,2332
713,2333
418,2334
17,2335
434,2336
271,2337
144,2338
88,2339
703,2340
233,2341
702,2342
559,2343
523,2344
699,2345
683,2346
248,2347
642,2348
715,2349
856,2350
541,2351
4,2352
585,2353
304,2354
340,2355
946,2356
405,2357
571,2358
388,2359
23,2360
822,2361
530,2362
316,2363
319,2364
384,2365
248,2366
499,2367
924,2368
243,2369
889,2370
2,2371
899,2372
121,2373
843,2374
175,2375
862,2376
927,2377
508,2378
604,2379
189,2380
625,2381
445,2382
547,2383
298,2384
992,2385
448,2386
912,2387
674,2388
108,2389
12,2390
875,2391
768,2392
833,2393
882,2394
318,2395
40,2396
336,2397
795,2398
300,2399
754,2400
537,2401
354,2402
138,2403
164,2404
962,2405
72,2406
703,2407
631,2408
485,2409
223,2410
549,2411
182,2412
62,2413
97,2414
266,2415
857,2416
25,2417
393,2418
70,2419
914,2420
116,2421
205,2422
155,2423
93,2424
818,2425
845,2426
699,2427
7,2428
598,2429
576,2430
151,2431
81,2432
765,2433
101,2434
18,2435
130,2436
922,2437
270,2438
196,2439
142,2440
813,2441
547,2442
233,2443
981,2444
298,2445
355,2446
729,2447
268,2448
468,2449
571,2450
720,2451
792,2452
922,2453
663,2454
946,2455
559,2456
629,2457
674,2458
261,2459
861,2460
953,2461
239,2462
241,2463
453,2464
711,2465
218,2466
178,2467
408,2468
54,2469
404,2470
903,2471
978,2472
589,2473
993,2474
568,2475
244,2476
653,2477
376,2478
988,2479
543,2480
141,2481
116,2482
530,2483
423,2484
927,2485
228,2486
989,2487
384,2488
862,2489
885,2490
165,2491
781,2492
483,2493
812,2494
921,2495
638,2496
295,2497
545,2498
348,2499
728,2500
249,2501
650,2502
40,2503
916,2504
264,2505
718,2506
135,2507
45,2508
455,2509
144,2510
46,2511
690,2512
819,2513
947,2514
69,2515
999,2516
711,2517
806,2518
43,2519
9,2520
893,2521
921,2522
333,2523
269,2524
138,2525
202,2526
900,2527
134,2528
535,2529
79,2530
915,2531
385,2532
991,2533
954,2534
951,2535
261,2536
721,2537
108,2538
793,2539
281,2540
2,2541
295,2542
517,2543
414,2544
871,2545
447,2546
635,2547
75,2548
52,2549
931,2550
859,2551
577,2552
503,2553
298,2554
9,2555
882,2556
265,2557
624,2558
225,2559
502,2560
834,2561
34,2562
365,2563
1000,2564
267,2565
429,2566
957,2567
423,2568
342,2569
902,2570
616,2571
754,2572
346,2573
722,2574
893,2575
178,2576
805,2577
793,2578
660,2579
9,2580
492,2581
641,2582
878,2583
494,2584
48,2585
249,2586
265,2587
877,2588
674,2589
34,2590
257,2591
977,2592
315,2593
47,2594
342,2595
878,2596
193,2597
498,2598
955,2599
759,2600
924,2601
274,2602
652,2603
94,2604
803,2605
440,2606
848,2607
579,2608
770,2609
307,2610
715,2611
674,2612
716,2613
405,2614
128,2615
33,2616
356,2617
966,2618
821,2619
947,2620
435,2621
103,2622
249,2623
271,2624
888,2625
18,2626
25,2627
47,2628
274,2629
647,2630
994,2631
209,2632
7,2633
853,2634
751,2635
344,2636
611,2637
707,2638
922,2639
495,2640
843,2641
239,2642
618,2643
889,2644
42,2645
493,2646
81,2647
845,2648
116,2649
154,2650
900,2651
343,2652
270,2653
201,2654
548,2655
22,2656
405,2657
144,2658
149,2659
737,2660
948,2661
491,2662
297,2663
571,2664
582,2665
549,2666
269,2667
494,2668
979,2669
655,2670
301,2671
130,2672
251,2673
270,2674
533,2675
7,2676
75,2677
932,2678
147,2679
287,2680
477,2681
299,2682
653,2683
34,2684
884,2685
797,2686
598,2687
300,2688
613,2689
406,2690
693,2691
453,2692
64,2693
532,2694
288,2695
642,2696
1000,2697
223,2698
427,2699
732,2700
871,2701
970,2702
488,2703
967,2704
910,2705
278,2706
138,2707
848,2708
243,2709
807,2710
602,2711
305,2712
616,2713
445,2714
907,2715
43,2716
659,2717
796,2718
34,2719
290,2720
812,2721
447,2722
293,2723
918,2724
611,2725
406,2726
476,2727
135,2728
673,2729
195,2730
905,2731
582,2732
733,2733
336,2734
178,2735
931,2736
183,2737
665,2738
102,2739
630,2740
149,2741
208,2742
263,2743
653,2744
846,2745
408,2746
406,2747
154,2748
573,2749
970,2750
165,2751
779,2752
426,2753
392,2754
600,2755
324,2756
507,2757
695,2758
62,2759
451,2760
999,2761
382,2762
809,2763
923,2764
949,2765
824,2766
994,2767
825,2768
936,2769
346,2770
220,2771
157,2772
582,2773
438,2774
181,2775
510,2776
938,2777
759,2778
76,2779
12,2780
635,2781
381,2782
894,2783
720,2784
598,2785
15,2786
712,2787
718,2788
691,2789
89,2790
25,2791
945,2792
44,2793
634,2794
951,2795
355,2796
888,2797
906,2798
372,2799
695,2800
487,2801
98,2802
498,2803
229,2804
933,2805
446,2806
186,2807
67,2808
910,2809
369,2810
831,2811
225,2812
870,2813
166,2814
171,2815
923,2816
202,2817
386,2818
646,2819
80,2820
117,2821
144,2822
266,2823
104,2824
839,2825
672,2826
926,2827
466,2828
834,2829
343,2830
623,2831
687,2832
839,2833
190,2834
284,2835
644,2836
681,2837
469,2838
670,2839
148,2840
183,2841
393,2842
26,2843
805,2844
51,2845
322,2846
931,2847
217,2848
861,2849
477,2850
157,2851
504,2852
484,2853
411,2854
425,2855
137,2856
432,2857
393,2858
733,2859
730,2860
807,2861
142,2862
687,2863
362,2864
999,2865
29,2866
31,2867
467,2868
262,2869
978,2870
150,2871
213,2872
975,2873
573,2874
912,2875
553,2876
432,2877
719,2878
848,2879
395,2880
613,2881
986,2882
816,2883
428,2884
468,2885
679,2886
625,2887
727,2888
645,2889
633,2890
634,2891
456,2892
744,2893
192,2894
185,2895
520,2896
64,2897
496,2898
511,2899
553,2900
379,2901
967,2902
976,2903
244,2904
486,2905
813,2906
703,2907
6,2908
411,2909
238,2910
570,2911
854,2912
956,2913
899,2914
166,2915
429,2916
878,2917
518,2918
765,2919
163,2920
855,2921
35,2922
627,2923
63,2924
786,2925
432,2926
69,2927
96,2928
465,2929
962,2930
678,2931
413,2932
682,2933
644,2934
135,2935
723,2936
473,2937
68,2938
704,2939
581,2940
388,2941
872,2942
989,2943
457,2944
419,2945
140,2946
65,2947
236,2948
307,2949
295,2950
34,2951
234,2952
285,2953
677,2954
648,2955
751,2956
142,2957
53,2958
629,2959
336,2960
631,2961
26,2962
594,2963
898,2964
183,2965
900,2966
192,2967
588,2968
263,2969
906,2970
494,2971
750,2972
981,2973
369,2974
121,2975
350,2976
558,2977
259,2978
992,2979
89,2980
522,2981
598,2982
897,2983
901,2984
191,2985
754,2986
923,2987
72,2988
48,2989
582,2990
900,2991
75,2992
203,2993
713,2994
53,2995
413,2996
578,2997
818,2998
936,2999
73,3000
691,3001
583,3002
618,3003
139,3004
397,3005
626,3006
731,3007
399,3008
164,3009
279,3010
411,3011
387,3012
943,3013
63,3014
528,3015
390,3016
428,3017
771,3018
447,3019
301,3020
258,3021
311,3022
93,3023
606,3024
702,3025
670,3026
257,3027
956,3028
892,3029
746,3030
326,3031
910,3032
448,3033
720,3034
501,3035
322,3036
294,3037
924,3038
346,3039
926,3040
804,3041
222,3042
1000,3043
696,3044
981,3045
589,3046
233,3047
625,3048
903,3049
349,3050
633,3051
449,3052
622,3053
267,3054
751,3055
729,3056
253,3057
819,3058
890,3059
735,3060
939,3061
994,3062
426,3063
298,3064
49,3065
974,3066
430,3067
893,3068
535,3069
15,3070
720,3071
940,3072
740,3073
759,3074
431,3075
38,3076
82,3077
127,3078
769,3079
46,3080
876,3081
562,3082
814,3083
123,3084
211,3085
859,3086
586,3087
763,3088
157,3089
272,3090
534,3091
408,3092
765,3093
658,3094
739,3095
378,3096
336,3097
249,3098
970,3099
920,3100
172,3101
493,3102
871,3103
756,3104
586,3105
142,3106
193,3107
764,3108
211,3109
270,3110
684,3111
691,3112
386,3113
809,3114
39,3115
37,3116
223,3117
734,3118
371,3119
762,3120
615,3121
908,3122
497,3123
172,3124
227,3125
726,3126
316,3127
21,3128
323,3129
332,3130
383,3131
241,3132
523,3133
478,3134
115,3135
548,3136
665,3137
156,3138
966,3139
200,3140
110,3141
27,3142
958,3143
846,3144
202,3145
442,3146
807,3147
486,3148
256,3149
728,3150
587,3151
413,3152
605,3153
848,3154
289,3155
253,3156
53,3157
788,3158
600,3159
70,3160
453,3161
433,3162
161,3163
877,3164
89,3165
394,3166
494,3167
290,3168
865,3169
783,3170
697,3171
788,3172
86,3173
603,3174
575,3175
302,3176
984,3177
538,3178
43,3179
811,3180
887,3181
483,3182
894,3183
953,3184
922,3185
945,3186
682,3187
820,3188
265,3189
637,3190
247,3191
19,3192
390,3193
603,3194
958,3195
125,3196
297,3197
245,3198
931,3199
79,3200
223,3201
417,3202
216,3203
893,3204
449,3205
392,3206
685,3207
589,3208
712,3209
918,3210
866,3211
652,3212
369,3213
965,3214
441,3215
117,3216
917,3217
572,3218
311,3219
143,3220
258,3221
319,3222
700,3223
603,3224
252,3225
446,3226
589,3227
596,3228
508,3229
184,3230
622,3231
118,3232
396,3233
786,3234
261,3235
771,3236
87,3237
236,3238
860,3239
404,3240
997,3241
470,3242
27,3243
487,3244
732,3245
125,3246
402,3247
648,3248
498,3249
991,3250
400,3251
19,3252
75,3253
950,3254
73,3255
327,3256
343,3257
26,3258
391,3259
662,3260
179,3261
475,3262
586,3263
701,3264
84,3265
278,3266
453,3267
610,3268
806,3269
173,3270
161,3271
953,3272
228,3273
103,3274
714,3275
524,3276
503,3277
160,3278
67,3279
673,3280
165,3281
517,3282
1000,3283
143,3284
752,3285
600,3286
541,3287
435,3288
950,3289
155,3290
555,3291
977,3292
708,3293
894,3294
226,3295
968,3296
383,3297
463,3298
858,3299
330,3300
281,3301
334,3302
308,3303
656,3304
379,3305
777,3306
42,3307
359,3308
566,3309
585,3310
257,3311
877,3312
738,3313
890,3314
532,3315
143,3316
299,3317
774,3318
546,3319
762,3320
71,3321
386,3322
333,3323
949,3324
19,3325
555,3326
187,3327
876,3328
80,3329
617,3330
838,3331
139,3332
304,3333
388,3334
188,3335
681,3336
761,3337
790,3338
415,3339
845,3340
204,3341
22,3342
477,3343
349,3344
421,3345
761,3346
128,3347
234,3348
331,3349
603,3350
122,3351
164,3352
754,3353
703,3354
329,3355
382,3356
915,3357
147,3358
702,3359
162,3360
383,3361
435,3362
333,3363
688,3364
557,3365
492,3366
918,3367
258,3368
765,3369
559,3370
654,3371
86,3372
14,3373
25,3374
722,3375
154,3376
930,3377
234,3378
61,3379
954,3380
469,3381
778,3382
628,3383
63,3384
648,3385
86,3386
734,3387
433,3388
781,3389
723,3390
229,3391
523,3392
953,3393
289,3394
518,3395
834,3396
517,3397
247,3398
955,3399
317,3400
792,3401
456,3402
278,3403
281,3404
425,3405
594,3406
692,3407
181,3408
35,3409
274,3410
250,3411
6,3412
609,3413
832,3414
841,3415
793,3416
484,3417
189,3418
754,3419
574,3420
91,3421
664,3422
378,3423
833,3424
202,3425
537,3426
909,3427
14,3428
934,3429
215,3430
943,3431
302,3432
653,3433
16,3434
68,3435
101,3436
105,3437
821,3438
873,3439
226,3440
403,3441
485,3442
216,3443
485,3444
29,3445
406,3446
712,3447
949,3448
85,3449
568,3450
862,3451
617,3452
442,3453
208,3454
100,3455
225,3456
442,3457
886,3458
611,3459
97,3460
564,3461
282,3462
85,3463
811,3464
281,3465
25,3466
199,3467
738,3468
929,3469
597,3470
61,3471
583,3472
384,3473
633,3474
36,3475
744,3476
904,3477
631,3478
281,3479
481,3480
393,3481
446,3482
798,3483
722,3484
980,3485
43,3486
597,3487
316,3488
981,3489
938,3490
45,3491
22,3492
274,3493
79,3494
281,3495
626,3496
357,3497
914,3498
19,3499
450,3500
289,3501
262,3502
488,3503
346,3504
1000,3505
680,3506
764,3507
133,3508
104,3509
106,3510
216,3511
59,3512
462,3513
844,3514
432,3515
61,3516
969,3517
497,3518
547,3519
481,3520
152,3521
812,3522
277,3523
887,3524
592,3525
263,3526
578,3527
736,3528
751,3529
801,3530
914,3531
89,3532
593,3533
171,3534
396,3535
263,3536
245,3537
713,3538
612,3539
526,3540
728,3541
700,3542
945,3543
364,3544
138,3545
271,3546
969,3547
291,3548
946,3549
953,3550
962,3551
402,3552
805,3553
522,3554
80,3555
815,3556
991,3557
266,3558
666,3559
640,3560
617,3561
699,3562
74,3563
958,3564
288,3565
354,3566
724,3567
975,3568
871,3569
161,3570
65,3571
619,3572
753,3573
305,3574
617,3575
775,3576
332,3577
674,3578
799,3579
462,3580
736,3581
480,3582
147,3583
156,3584
816,3585
285,3586
803,3587
122,3588
837,3589
263,3590
363,3591
882,3592
10,3593
838,3594
260,3595
401,3596
804,3597
798,3598
565,3599
958,3600
643,3601
52,3602
755,3603
920,3604
995,3605
893,3606
721,3607
37,3608
66,3609
227,3610
480,3611
59,3612
965,3613
870,3614
281,3615
817,3616
564,3617
143,3618
365,3619
284,3620
383,3621
860,3622
937,3623
934,3624
243,3625
275,3626
953,3627
614,3628
828,3629
761,3630
171,3631
235,3632
326,3633
189,3634
330,3635
192,3636
553,3637
839,3638
435,3639
151,3640
173,3641
267,3642
544,3643
286,3644
209,3645
623,3646
106,3647
516,3648
638,3649
538,3650
4,3651
88,3652
349,3653
156,3654
658,3655
391,3656
471,3657
399,3658
537,3659
350,3660
167,3661
363,3662
842,3663
354,3664
529,3665
241,3666
397,3667
713,3668
208,3669
125,3670
885,3671
240,3672
98,3673
238,3674
196,3675
87,3676
609,3677
581,3678
940,3679
510,3680
846,3681
817,3682
827,3683
671,3684
59,3685
822,3686
797,3687
55,3688
509,3689
659,3690
882,3691
985,3692
863,3693
800,3694
811,3695
44,3696
68,3697
606,3698
469,3699
882,3700
240,3701
415,3702
687,3703
784,3704
311,3705
286,3706
518,3707
375,3708
804,3709
307,3710
256,3711
665,3712
872,3713
155,3714
129,3715
19,3716
148,3717
186,3718
831,3719
364,3720
851,3721
584,3722
119,3723
161,3724
21,3725
699,3726
575,3727
228,3728
512,3729
546,3730
714,3731
772,3732
190,3733
129,3734
52,3735
555,3736
273,3737
470,3738
446,3739
188,3740
126,3741
239,3742
623,3743
369,3744
180,3745
25,3746
501,3747
438,3748
542,3749
561,3750
272,3751
843,3752
755,3753
4,3754
56,3755
10,3756
606,3757
787,3758
207,3759
574,3760
201,3761
926,3762
90,3763
478,3764
591,3765
482,3766
22,3767
99,3768
24,3769
622,3770
863,3771
991,3772
431,3773
118,3774
491,3775
997,3776
601,3777
718,3778
85,3779
903,3780
20,3781
138,3782
220,3783
615,3784
93,3785
388,3786
368,3787
529,3788
271,3789
545,3790
708,3791
140,3792
434,3793
154,3794
409,3795
750,3796
452,3797
498,3798
26,3799
991,3800
329,3801
11,3802
806,3803
256,3804
864,3805
813,3806
670,3807
2,3808
580,3809
81,3810
317,3811
371,3812
728,3813
806,3814
846,3815
897,3816
736,3817
871,3818
720,3819
469,3820
213,3821
324,3822
7,3823
416,3824
642,3825
28,3826
142,3827
554,3828
983,3829
693,3830
638,3831
213,3832
78,3833
84,3834
908,3835
967,3836
789,3837
247,3838
540,3839
315,3840
585,3841
742,3842
493,3843
399,3844
628,3845
916,3846
433,3847
592,3848
213,3849
799,3850
55,3851
179,3852
162,3853
470,3854
344,3855
274,3856
831,3857
17,3858
410,3859
474,3860
387,3861
373,3862
541,3863
181,3864
252,3865
799,3866
339,3867
197,3868
438,3869
408,3870
677,3871
810,3872
112,3873
150,3874
348,3875
81,3876
932,3877
693,3878
926,3879
462,3880
914,3881
487,3882
306,3883
768,3884
583,3885
245,3886
424,3887
219,3888
632,3889
158,3890
222,3891
335,3892
128,3893
113,3894
448,3895
355,3896
5,3897
417,3898
775,3899
408,3900
750,3901
99,3902
788,3903
538,3904
454,3905
19,3906
104,3907
814,3908
551,3909
478,3910
138,3911
526,3912
91,3913
528,3914
768,3915
323,3916
975,3917
59,3918
688,3919
545,3920
973,3921
84,3922
146,3923
65,3924
863,3925
602,3926
650,3927
415,3928
829,3929
138,3930
522,3931
84,3932
605,3933
596,3934
20,3935
549,3936
805,3937
194,3938
276,3939
390,3940
384,3941
318,3942
479,3943
694,3944
250,3945
564,3946
657,3947
561,3948
195,3949
295,3950
674,3951
199,3952
396,3953
856,3954
832,3955
177,3956
811,3957
166,3958
681,3959
570,3960
670,3961
112,3962
307,3963
940,3964
808,3965
225,3966
94,3967
739,3968
340,3969
674,3970
672,3971
249,3972
896,3973
854,3974
297,3975
457,3976
141,3977
826,3978
201,3979
857,3980
257,3981
146,3982
548,3983
431,3984
61,3985
975,3986
719,3987
688,3988
970,3989
671,3990
943,3991
844,3992
743,3993
314,3994
202,3995
795,3996
589,3997
942,3998
950,3999
266,4000
305,4001
642,4002
381,4003
960,4004
297,4005
221,4006
87,4007
162,4008
982,4009
417,4010
89,4011
118,4012
276,4013
604,4014
403,4015
838,4016
42,4017
692,4018
162,4019
120,4020
314,4021
573,4022
836,4023
583,4024
997,4025
282,4026
498,4027
460,4028
606,4029
38,4030
280,4031
214,4032
982,4033
960,4034
288,4035
975,4036
98,4037
640,4038
473,4039
798,4040
580,4041
29,4042
669,4043
395,4044
209,4045
656,4046
888,4047
123,4048
978,4049
724,4050
56,4051
872,4052
777,4053
604,4054
835,4055
271,4056
611,4057
814,4058
792,4059
883,4060
923,4061
305,4062
627,4063
556,4064
912,4065
749,4066
504,4067
550,4068
201,4069
146,4070
250,4071
806,4072
426,4073
315,4074
859,4075
417,4076
656,4077
832,4078
295,4079
523,4080
988,4081
174,4082
567,4083
251,4084
667,4085
966,4086
913,4087
422,4088
811,4089
652,4090
611,4091
598,4092
892,4093
307,4094
419,4095
98,4096
780,4097
313,4098
672,4099
546,4100
518,4101
537,4102
291,4103
768,4104
526,4105
177,4106
521,4107
639,4108
353,4109
780,4110
701,4111
696,4112
525,4113
604,4114
601,4115
165,4116
993,4117
485,4118
497,4119
834,4120
163,4121
170,4122
746,4123
434,4124
126,4125
902,4126
151,4127
333,4128
302,4129
524,4130
369,4131
42,4132
735,4133
758,4134
265,4135
773,4136
334,4137
32,4138
676,4139
697,4140
55,4141
132,4142
532,4143
939,4144
906,4145
405,4146
318,4147
375,4148
870,4149
420,4150
29,4151
479,4152
732,4153
445,4154
923,4155
713,4156
923,4157
408,4158
929,4159
792,4160
815,4161
352,4162
302,4163
886,4164
501,4165
865,4166
420,4167
105,4168
645,4169
908,4170
121,4171
22,4172
271,4173
726,4174
934,4175
37,4176
413,4177
450,4178
157,4179
168,4180
641,4181
352,4182
30,4183
447,4184
358,4185
547,4186
235,4187
2,4188
621,4189
996,4190
402,4191
628,4192
266,4193
251,4194
333,4195
421,4196
843,4197
112,4198
356,4199
973,4200
403,4201
913,4202
556,4203
870,4204
407,4205
238,4206
591,4207
780,4208
167,4209
370,4210
472,4211
121,4212
390,4213
544,4214
202,4215
719,4216
499,4217
14,4218
344,4219
938,4220
747,4221
487,4222
55,4223
118,4224
9,4225
668,4226
633,4227
405,4228
907,4229
811,4230
895,4231
572,4232
545,4233
996,4234
712,4235
966,4236
827,4237
172,4238
503,4239
521,4240
539,4241
2,4242
501,4243
649,4244
775,4245
800,4246
954,4247
563,4248
225,4249
544,4250
477,4251
281,4252
558,4253
864,4254
139,4255
81,4256
366,4257
874,4258
302,4259
384,4260
31,4261
285,4262
958,4263
416,4264
209,4265
345,4266
317,4267
227,4268
86,4269
100,4270
466,4271
886,4272
116,4273
538,4274
116,4275
592,4276
799,4277
532,4278
736,4279
485,4280
567,4281
716,4282
311,4283
795,4284
988,4285
952,4286
740,4287
924,4288
857,4289
510,4290
487,4291
9,4292
880,4293
11,4294
706,4295
363,4296
613,4297
248,4298
207,4299
293,4300
237,4301
336,4302
289,4303
259,4304
648,4305
370,4306
280,4307
809,4308
730,4309
222,4310
28,4311
99,4312
808,4313
645,4314
688,4315
466,4316
701,4317
728,4318
202,4319
710,4320
138,4321
216,4322
971,4323
500,4324
799,4325
742,4326
149,4327
386,4328
26,4329
588,4330
95,4331
97,4332
266,4333
639,4334
280,4335
890,4336
425,4337
236,4338
677,4339
908,4340
972,4341
3,4342
257,4343
449,4344
936,4345
349,4346
866,4347
255,4348
973,4349
399,4350
502,4351
27,4352
753,4353
490,4354
556,4355
960,4356
856,4357
922,4358
94,4359
452,4360
494,4361
216,4362
702,4363
706,4364
203,4365
164,4366
388,4367
579,4368
558,4369
673,4370
189,4371
72,4372
708,4373
708,4374
678,4375
595,4376
989,4377
495,4378
517,4379
884,4380
728,4381
316,4382
238,4383
70,4384
629,4385
605,4386
371,4387
419,4388
887,4389
283,4390
935,4391
654,4392
928,4393
122,4394
680,4395
95,4396
23,4397
189,4398
584,4399
454,4400
417,4401
744,4402
819,4403
651,4404
785,4405
545,4406
636,4407
740,4408
25,4409
381,4410
982,4411
386,4412
742,4413
82,4414
399,4415
280,4416
837,4417
380,4418
153,4419
388,4420
848,4421
871,4422
778,4423
88,4424
55,4425
344,4426
831,4427
853,4428
114,4429
288,4430
990,4431
870,4432
836,4433
653,4434
430,4435
910,4436
273,4437
615,4438
597,4439
948,4440
820,4441
902,4442
900,4443
537,4444
373,4445
307,4446
693,4447
433,4448
648,4449
1000,4450
996,4451
210,4452
776,4453
847,4454
32,4455
200,4456
546,4457
444,4458
949,4459
80,4460
497,4461
488,4462
764,4463
624,4464
493,4465
458,4466
638,4467
488,4468
502,4469
299,4470
211,4471
254,4472
227,4473
763,4474
790,4475
765,4476
70,4477
934,4478
814,4479
851,4480
290,4481
750,4482
374,4483
832,4484
381,4485
295,4486
99,4487
997,4488
58,4489
543,4490
689,4491
589,4492
425,4493
885,4494
838,4495
187,4496
503,4497
919,4498
497,4499
387,4500
180,4501
485,4502
908,4503
574,4504
620,4505
433,4506
457,4507
281,4508
920,4509
47,4510
886,4511
116,4512
615,4513
114,4514
789,4515
387,4516
165,4517
286,4518
452,4519
628,4520
708,4521
942,4522
977,4523
292,4524
387,4525
208,4526
762,4527
507,4528
400,4529
822,4530
827,4531
971,4532
683,4533
123,4534
227,4535
261,4536
204,4537
94,4538
322,4539
654,4540
376,4541
360,4542
190,4543
389,4544
36,4545
240,4546
166,4547
801,4548
784,4549
156,4550
782,4551
445,4552
685,4553
86,4554
32,4555
443,4556
501,4557
21,4558
89,4559
798,4560
41,4561
207,4562
189,4563
688,4564
235,4565
425,4566
71,4567
322,4568
241,4569
180,4570
882,4571
367,4572
112,4573
400,4574
383,4575
616,4576
844,4577
253,4578
847,4579
125,4580
98,4581
80,4582
8,4583
408,4584
473,4585
168,4586
959,4587
260,4588
247,4589
494,4590
839,4591
129,4592
6,4593
440,4594
123,4595
939,4596
684,4597
403,4598
96,4599
494,4600
331,4601
133,4602
894,4603
768,4604
801,4605
976,4606
781,4607
798,4608
302,4609
456,4610
318,4611
537,4612
989,4613
240,4614
100,4615
710,4616
709,4617
740,4618
989,4619
327,4620
707,4621
157,4622
766,4623
909,4624
894,4625
68,4626
278,4627
272,4628
738,4629
63,4630
506,4631
642,4632
39,4633
175,4634
715,4635
228,4636
346,4637
171,4638
602,4639
64,4640
65,4641
502,4642
635,4643
927,4644
17,4645
13,4646
257,4647
780,4648
739,4649
480,4650
233,4651
301,4652
817,4653
947,4654
518,4655
517,4656
86,4657
608,4658
916,4659
130,4660
880,4661
107,4662
560,4663
694,4664
303,4665
123,4666
910,4667
207,4668
310,4669
636,4670
257,4671
951,4672
454,4673
852,4674
676,4675
721,4676
850,4677
949,4678
194,4679
782,4680
567,4681
252,4682
86,4683
965,4684
226,4685
950,4686
87,4687
630,4688
619,4689
915,4690
367,4691
38,4692
387,4693
285,4694
693,4695
741,4696
16,4697
479,4698
818,4699
78,4700
977,4701
275,4702
43,4703
13,4704
657,4705
262,4706
172,4707
871,4708
575,4709
358,4710
274,4711
547,4712
771,4713
689,4714
553,4715
782,4716
290,4717
900,4718
503,4719
143,4720
661,4721
378,4722
966,4723
199,4724
366,4725
83,4726
814,4727
219,4728
312,4729
968,4730
387,4731
183,4732
295,4733
469,4734
566,4735
965,4736
283,4737
775,4738
424,4739
207,4740
394,4741
373,4742
110,4743
825,4744
826,4745
335,4746
957,4747
779,4748
62,4749
864,4750
983,4751
539,4752
108,4753
162,4754
227,4755
536,4756
227,4757
264,4758
207,4759
323,4760
373,4761
503,4762
796,4763
676,4764
905,4765
55,4766
482,4767
375,4768
853,4769
262,4770
500,4771
954,4772
739,4773
509,4774
946,4775
476,4776
605,4777
787,4778
476,4779
314,4780
49,4781
825,4782
386,4783
162,4784
657,4785
19,4786
784,4787
325,4788
682,4789
361,4790
908,4791
41,4792
118,4793
820,4794
870,4795
950,4796
283,4797
735,4798
717,4799
346,4800
180,4801
325,4802
895,4803
901,4804
263,4805
619,4806
679,4807
733,4808
853,4809
757,4810
789,4811
72,4812
805,4813
140,4814
229,4815
369,4816
672,4817
982,4818
557,4819
927,4820
346,4821
553,4822
905,4823
407,4824
917,4825
267,4826
267,4827
139,4828
594,4829
115,4830
990,4831
151,4832
401,4833
948,4834
347,4835
646,4836
431,4837
487,4838
415,4839
103,4840
992,4841
381,4842
839,4843
566,4844
552,4845
161,4846
948,4847
309,4848
57,4849
674,4850
984,4851
752,4852
516,4853
23,4854
438,4855
375,4856
832,4857
218,4858
275,4859
380,4860
979,4861
360,4862
791,4863
709,4864
180,4865
767,4866
370,4867
74,4868
869,4869
98,4870
580,4871
681,4872
114,4873
148,4874
268,4875
58,4876
347,4877
695,4878
327,4879
824,4880
59,4881
61,4882
669,4883
924,4884
94,4885
923,4886
668,4887
562,4888
544,4889
733,4890
629,4891
764,4892
117,4893
912,4894
192,4895
430,4896
605,4897
4,4898
572,4899
378,4900
989,4901
193,4902
610,4903
993,4904
441,4905
76,4906
936,4907
235,4908
669,4909
568,4910
794,4911
178,4912
495,4913
523,4914
838,4915
849,4916
437,4917
962,4918
696,4919
426,4920
803,4921
938,4922
538,4923
826,4924
447,4925
840,4926
299,4927
383,4928
894,4929
263,4930
198,4931
456,4932
221,4933
198,4934
562,4935
127,4936
319,4937
391,4938
791,4939
200,4940
160,4941
452,4942
495,4943
382,4944
954,4945
37,4946
746,4947
162,4948
481,4949
442,4950
92,4951
634,4952
433,4953
801,4954
287,4955
238,4956
96,4957
409,4958
228,4959
165,4960
686,4961
927,4962
713,4963
99,4964
739,4965
454,4966
684,4967
62,4968
417,4969
103,4970
657,4971
798,4972
546,4973
804,4974
48,4975
357,4976
920,4977
412,4978
258,4979
211,4980
457,4981
281,4982
741,4983
655,4984
81,4985
490,4986
357,4987
966,4988
884,4989
689,4990
118,4991
847,4992
580,4993
955,4994
158,4995
205,4996
873,4997
195,4998
620,4999
524,5000
959,5001
500,5002
541,5003
696,5004
144,5005
968,5006
912,5007
61,5008
108,5009
351,5010
662,5011
765,5012
369,5013
123,5014
970,5015
781,5016
513,5017
419,5018
693,5019
676,5020
473,5021
216,5022
837,5023
709,5024
23,5025
579,5026
492,5027
881,5028
193,5029
798,5030
6,5031
138,5032
130,5033
227,5034
904,5035
358,5036
232,5037
782,5038
545,5039
934,5040
627,5041
325,5042
177,5043
754,5044
904,5045
242,5046
755,5047
684,5048
537,5049
699,5050
481,5051
584,5052
758,5053
643,5054
553,5055
970,5056
344,5057
896,5058
475,5059
743,5060
387,5061
532,5062
24,5063
95,5064
679,5065
918,5066
709,5067
945,5068
336,5069
739,5070
212,5071
689,5072
847,5073
995,5074
750,5075
152,5076
686,5077
854,5078
815,5079
809,5080
631,5081
676,5082
410,5083
311,5084
733,5085
354,5086
717,5087
39,5088
768,5089
984,5090
577,5091
112,5092
473,5093
916,5094
528,5095
477,5096
418,5097
825,5098
504,5099
1,5100
260,5101
422,5102
229,5103
735,5104
808,5105
576,5106
768,5107
961,5108
691,5109
811,5110
705,5111
791,5112
998,5113
30,5114
36,5115
542,5116
571,5117
268,5118
428,5119
638,5120
983,5121
324,5122
319,5123
170,5124
526,5125
20,5126
345,5127
618,5128
661,5129
967,5130
237,5131
107,5132
963,5133
186,5134
923,5135
946,5136
703,5137
268,5138
405,5139
89,5140
521,5141
652,5142
376,5143
407,5144
675,5145
691,5146
581,5147
86,5148
272,5149
812,5150
761,5151
347,5152
7,5153
539,5154
838,5155
911,5156
728,5157
845,5158
656,5159
362,5160
544,5161
81,5162
281,5163
646,5164
301,5165
178,5166
955,5167
828,5168
592,5169
48,5170
301,5171
682,5172
185,5173
505,5174
723,5175
877,5176
876,5177
178,5178
261,5179
250,5180
730,5181
795,5182
770,5183
591,5184
901,5185
246,5186
662,5187
803,5188
565,5189
978,5190
664,5191
14,5192
906,5193
412,5194
653,5195
556,5196
612,5197
442,5198
864,5199
19,5200
993,5201
461,5202
948,5203
901,5204
742,5205
160,5206
705,5207
165,5208
607,5209
37,5210
399,5211
251,5212
464,5213
456,5214
895,5215
314,5216
864,5217
398,5218
728,5219
445,5220
809,5221
737,5222
370,5223
399,5224
239,5225
220,5226
716,5227
846,5228
957,5229
488,5230
510,5231
268,5232
971,5233
394,5234
409,5235
791,5236
390,5237
217,5238
101,5239
111,5240
294,5241
282,5242
635,5243
546,5244
112,5245
491,5246
893,5247
954,5248
780,5249
967,5250
226,5251
667,5252
393,5253
988,5254
380,5255
724,5256
847,5257
510,5258
886,5259
779,5260
924,5261
315,5262
682,5263
779,5264
990,5265
917,5266
851,5267
98,5268
874,5269
338,5270
423,5271
896,5272
134,5273
357,5274
607,5275
722,5276
522,5277
710,5278
443,5279
693,5280
65,5281
211,5282
800,5283
156,5284
804,5285
531,5286
578,5287
798,5288
76,5289
292,5290
949,5291
599,5292
963,5293
693,5294
372,5295
305,5296
112,5297
606,5298
84,5299
832,5300
302,5301
450,5302
810,5303
675,5304
256,5305
285,5306
987,5307
824,5308
919,5309
854,5310
462,5311
259,5312
1000,5313
360,5314
121,5315
457,5316
540,5317
341,5318
442,5319
651,5320
519,5321
536,5322
102,5323
190,5324
727,5325
327,5326
479,5327
58,5328
48,5329
236,5330
205,5331
358,5332
121,5333
476,5334
239,5335
980,5336
941,5337
989,5338
278,5339
405,5340
840,5341
749,5342
551,5343
920,5344
959,5345
218,5346
817,5347
667,5348
769,5349
186,5350
339,5351
32,5352
592,5353
535,5354
678,5355
333,5356
764,5357
185,5358
506,5359
664,5360
371,5361
178,5362
749,5363
954,5364
814,5365
969,5366
187,5367
352,5368
75,5369
661,5370
228,5371
58,5372
644,5373
646,5374
787,5375
531,5376
111,5377
408,5378
256,5379
969,5380
758,5381
239,5382
292,5383
42,5384
699,5385
488,5386
164,5387
47,5388
674,5389
267,5390
507,5391
777,5392
197,5393
805,5394
639,5395
195,5396
475,5397
240,5398
661,5399
596,5400
55,5401
131,5402
689,5403
621,5404
818,5405
727,5406
818,5407
901,5408
215,5409
462,5410
276,5411
371,5412
665,5413
384,5414
617,5415
836,5416
487,5417
370,5418
74,5419
266,5420
665,5421
290,5422
743,5423
696,5424
805,5425
230,5426
952,5427
762,5428
105,5429
122,5430
924,5431
86,5432
890,5433
736,5434
212,5435
53,5436
446,5437
211,5438
461,5439
747,5440
1,5441
154,5442
906,5443
180,5444
102,5445
438,5446
661,5447
215,5448
492,5449
945,5450
933,5451
4,5452
172,5453
220,5454
165,5455
434,5456
644,5457
760,5458
889,5459
545,5460
597,5461
223,5462
585,5463
605,5464
705,5465
427,5466
508,5467
537,5468
193,5469
44,5470
491,5471
689,5472
852,5473
167,5474
691,5475
519,5476
781,5477
361,5478
241,5479
779,5480
182,5481
255,5482
689,5483
10,5484
695,5485
86,5486
614,5487
19,5488
929,5489
538,5490
909,5491
734,5492
73,5493
582,5494
886,5495
41,5496
607,5497
729,5498
262,5499
205,5500
846,5501
226,5502
748,5503
762,5504
292,5505
722,5506
587,5507
466,5508
311,5509
855,5510
249,5511
252,5512
203,5513
426,5514
228,5515
732,5516
678,5517
186,5518
762,5519
695,5520
894,5521
275,5522
176,5523
476,5524
633,5525
508,5526
841,5527
848,5528
917,5529
447,5530
540,5531
289,5532
316,5533
273,5534
433,5535
438,5536
607,5537
909,5538
726,5539
44,5540
275,5541
607,5542
744,5543
625,5544
427,5545
172,5546
63,5547
403,5548
630,5549
270,5550
489,5551
854,5552
766,5553
623,5554
23,5555
705,5556
105,5557
312,5558
681,5559
826,5560
965,5561
27,5562
758,5563
649,5564
610,5565
306,5566
553,5567
787,5568
927,5569
626,5570
820,5571
277,5572
628,5573
86,5574
769,5575
382,5576
925,5577
907,5578
195,5579
488,5580
428,5581
383,5582
10,5583
567,5584
85,5585
800,5586
274,5587
743,5588
126,5589
66,5590
629,5591
35,5592
91,5593
232,5594
88,5595
470,5596
87,5597
344,5598
216,5599
212,5600
636,5601
119,5602
841,5603
36,5604
406,5605
933,5606
617,5607
103,5608
47,5609
859,5610
58,5611
588,5612
525,5613
739,5614
234,5615
35,5616
733,5617
590,5618
753,5619
843,5620
580,5621
483,5622
988,5623
838,5624
640,5625
343,5626
537,5627
391,5628
774,5629
999,5630
366,5631
506,5632
20,5633
119,5634
1,5635
591,5636
537,5637
10,5638
897,5639
799,5640
292,5641
37,5642
801,5643
37,5644
201,5645
943,5646
363,5647
244,5648
111,5649
796,5650
838,5651
446,5652
750,5653
246,5654
735,5655
211,5656
433,5657
568,5658
844,5659
695,5660
598,5661
969,5662
913,5663
995,5664
404,5665
741,5666
819,5667
411,5668
929,5669
76,5670
308,5671
744,5672
473,5673
937,5674
885,5675
321,5676
673,5677
234,5678
407,5679
434,5680
2,5681
559,5682
64,5683
383,5684
552,5685
43,5686
808,5687
373,5688
669,5689
100,5690
161,5691
990,5692
625,5693
364,5694
953,5695
539,5696
81,5697
212,5698
639,5699
950,5700
157,5701
656,5702
343,5703
56,5704
358,5705
524,5706
928,5707
857,5708
586,5709
273,5710
905,5711
200,5712
127,5713
3,5714
991,5715
171,5716
855,5717
531,5718
876,5719
374,5720
459,5721
413,5722
842,5723
38,5724
453,5725
19,5726
158,5727
773,5728
328,5729
673,5730
901,5731
131,5732
405,5733
488,5734
902,5735
500,5736
343,5737
697,5738
871,5739
160,5740
542,5741
527,5742
954,5743
520,5744
326,5745
368,5746
325,5747
770,5748
745,5749
451,5750
272,5751
445,5752
730,5753
217,5754
787,5755
917,5756
894,5757
822,5758
319,5759
861,5760
902,5761
712,5762
699,5763
84,5764
776,5765
521,5766
387,5767
680,5768
583,5769
405,5770
564,5771
544,5772
153,5773
53,5774
103,5775
219,5776
1,5777
659,5778
206,5779
428,5780
812,5781
288,5782
643,5783
454,5784
455,5785
322,5786
859,5787
679,5788
578,5789
938,5790
263,5791
634,5792
578,5793
282,5794
639,5795
509,5796
165,5797
333,5798
951,5799
361,5800
769,5801
163,5802
875,5803
670,5804
823,5805
12,5806
117,5807
415,5808
126,5809
778,5810
634,5811
610,5812
24,5813
855,5814
451,5815
798,5816
82,5817
342,5818
111,5819
291,5820
932,5821
811,5822
530,5823
958,5824
17,5825
998,5826
378,5827
600,5828
534,5829
259,5830
181,5831
524,5832
408,5833
295,5834
114,5835
158,5836
545,5837
921,5838
856,5839
34,5840
827,5841
386,5842
509,5843
989,5844
391,5845
312,5846
366,5847
100,5848
106,5849
917,5850
890,5851
387,5852
710,5853
192,5854
866,5855
583,5856
929,5857
385,5858
337,5859
213,5860
62,5861
29,5862
852,5863
401,5864
386,5865
259,5866
251,5867
687,5868
826,5869
495,5870
814,5871
804,5872
1000,5873
937,5874
893,5875
127,5876
946,5877
726,5878
543,5879
418,5880
841,5881
422,5882
830,5883
914,5884
842,5885
377,5886
335,5887
37,5888
118,5889
23,5890
328,5891
623,5892
822,5893
319,5894
539,5895
563,5896
667,5897
974,5898
679,5899
118,5900
845,5901
406,5902
481,5903
77,5904
3,5905
472,5906
12,5907
206,5908
484,5909
869,5910
630,5911
374,5912
558,5913
835,5914
750,5915
617,5916
70,5917
280,5918
349,5919
524,5920
117,5921
180,5922
498,5923
826,5924
964,5925
706,5926
187,5927
391,5928
346,5929
704,5930
373,5931
919,5932
471,5933
121,5934
559,5935
993,5936
986,5937
557,5938
744,5939
228,5940
123,5941
396,5942
342,5943
952,5944
551,5945
255,5946
291,5947
347,5948
248,5949
696,5950
505,5951
547,5952
597,5953
35,5954
583,5955
583,5956
595,5957
843,5958
836,5959
133,5960
188,5961
799,5962
996,5963
85,5964
8,5965
83,5966
510,5967
202,5968
456,5969
835,5970
400,5971
503,5972
747,5973
475,5974
332,5975
151,5976
828,5977
75,5978
289,5979
769,5980
733,5981
724,5982
819,5983
925,5984
730,5985
910,5986
429,5987
120,5988
607,5989
473,5990
326,5991
872,5992
575,5993
343,5994
102,5995
300,5996
1000,5997
426,5998
707,5999
435,6000
486,6001
662,6002
810,6003
861,6004
661,6005
585,6006
766,6007
638,6008
294,6009
453,6010
531,6011
599,6012
845,6013
434,6014
541,6015
863,6016
640,6017
53,6018
9,6019
547,6020
401,6021
695,6022
883,6023
782,6024
246,6025
188,6026
532,6027
444,6028
447,6029
198,6030
204,6031
982,6032
747,6033
736,6034
976,6035
935,6036
191,6037
460,6038
621,6039
443,6040
732,6041
82,6042
987,6043
734,6044
353,6045
18,6046
267,6047
890,6048
616,6049
544,6050
494,6051
297,6052
802,6053
773,6054
855,6055
861,6056
829,6057
764,6058
670,6059
482,6060
307,6061
948,6062
727,6063
742,6064
885,6065
86,6066
713,6067
389,6068
955,6069
328,6070
200,6071
293,6072
219,6073
42,6074
627,6075
600,6076
379,6077
812,6078
875,6079
716,6080
218,6081
618,6082
258,6083
694,6084
25,6085
668,6086
423,6087
700,6088
863,6089
704,6090
306,6091
690,6092
245,6093
195,6094
619,6095
211,6096
740,6097
650,6098
51,6099
787,6100
715,6101
811,6102
885,6103
15,6104
19,6105
227,6106
306,6107
363,6108
502,6109
996,6110
672,6111
923,6112
821,6113
603,6114
305,6115
123,6116
699,6117
696,6118
597,6119
366,6120
303,6121
467,6122
110,6123
510,6124
768,6125
552,6126
130,6127
815,6128
943,6129
700,6130
954,6131
876,6132
387,6133
999,6134
220,6135
324,6136
486,6137
882,6138
302,6139
888,6140
963,6141
259,6142
776,6143
739,6144
842,6145
61,6146
811,6147
980,6148
945,6149
886,6150
897,6151
682,6152
726,6153
889,6154
68,6155
350,6156
50,6157
690,6158
219,6159
115,6160
246,6161
597,6162
563,6163
425,6164
718,6165
906,6166
28,6167
269,6168
13,6169
673,6170
649,6171
722,6172
66,6173
805,6174
203,6175
910,6176
877,6177
184,6178
582,6179
101,6180
758,6181
771,6182
36,6183
134,6184
918,6185
499,6186
590,6187
930,6188
425,6189
175,6190
93,6191
387,6192
342,6193
244,6194
213,6195
63,6196
560,6197
250,6198
599,6199
223,6200
885,6201
984,6202
499,6203
629,6204
505,6205
889,6206
954,6207
7,6208
422,6209
530,6210
74,6211
602,6212
608,6213
61,6214
456,6215
140,6216
63,6217
451,6218
420,6219
719,6220
427,6221
537,6222
567,6223
68,6224
177,6225
495,6226
893,6227
142,6228
564,6229
598,6230
588,6231
711,6232
630,6233
10,6234
12,6235
683,6236
993,6237
158,6238
211,6239
756,6240
844,6241
605,6242
769,6243
3,6244
582,6245
478,6246
958,6247
721,6248
169,6249
677,6250
86,6251
813,6252
890,6253
183,6254
901,6255
937,6256
566,6257
464,6258
350,6259
802,6260
66,6261
8,6262
948,6263
859,6264
40,6265
16,6266
189,6267
595,6268
13,6269
962,6270
820,6271
597,6272
223,6273
295,6274
714,6275
183,6276
340,6277
932,6278
437,6279
144,6280
622,6281
560,6282
48,6283
296,6284
722,6285
299,6286
122,6287
363,6288
341,6289
641,6290
651,6291
894,6292
821,6293
252,6294
698,6295
92,6296
411,6297
432,6298
719,6299
219,6300
793,6301
828,6302
378,6303
388,6304
692,6305
523,6306
233,6307
301,6308
803,6309
432,6310
901,6311
617,6312
740,6313
441,6314
491,6315
698,6316
652,6317
921,6318
642,6319
746,6320
873,6321
810,6322
886,6323
680,6324
195,6325
27,6326
714,6327
277,6328
14,6329
976,6330
153,6331
925,6332
42,6333
361,6334
364,6335
2,6336
801,6337
708,6338
176,6339
969,6340
287,6341
708,6342
440,6343
656,6344
86,6345
340,6346
917,6347
619,6348
465,6349
686,6350
293,6351
149,6352
6,6353
573,6354
103,6355
110,6356
208,6357
385,6358
285,6359
260,6360
609,6361
882,6362
325,6363
190,6364
959,6365
427,6366
953,6367
743,6368
23,6369
661,6370
350,6371
838,6372
738,6373
736,6374
650,6375
488,6376
889,6377
167,6378
519,6379
417,6380
512,6381
705,6382
925,6383
521,6384
927,6385
887,6386
123,6387
985,6388
49,6389
185,6390
762,6391
163,6392
909,6393
383,6394
435,6395
537,6396
447,6397
714,6398
771,6399
244,6400
1000,6401
438,6402
345,6403
444,6404
813,6405
419,6406
493,6407
819,6408
100,6409
337,6410
52,6411
863,6412
335,6413
144,6414
172,6415
117,6416
772,6417
453,6418
105,6419
170,6420
459,6421
993,6422
617,6423
149,6424
106,6425
149,6426
271,6427
363,6428
435,6429
490,6430
321,6431
378,6432
265,6433
828,6434
73,6435
771,6436
276,6437
826,6438
371,6439
321,6440
466,6441
999,6442
599,6443
148,6444
999,6445
868,6446
44,6447
412,6448
382,6449
508,6450
361,6451
569,6452
608,6453
777,6454
717,6455
2,6456
59,6457
597,6458
894,6459
435,6460
943,6461
690,6462
639,6463
790,6464
442,6465
986,6466
419,6467
974,6468
545,6469
664,6470
309,6471
770,6472
939,6473
559,6474
750,6475
260,6476
398,6477
519,6478
720,6479
294,6480
57,6481
864,6482
515,6483
673,6484
779,6485
546,6486
789,6487
843,6488
131,6489
807,6490
193,6491
943,6492
675,6493
979,6494
240,6495
124,6496
549,6497
549,6498
308,6499
519,6500
152,6501
217,6502
362,6503
971,6504
348,6505
186,6506
883,6507
724,6508
799,6509
422,6510
959,6511
671,6512
72,6513
53,6514
611,6515
344,6516
890,6517
397,6518
817,6519
564,6520
387,6521
283,6522
323,6523
791,6524
197,6525
393,6526
57,6527
556,6528
652,6529
62,6530
749,6531
495,6532
339,6533
360,6534
223,6535
712,6536
559,6537
467,6538
945,6539
752,6540
521,6541
171,6542
972,6543
288,6544
992,6545
654,6546
791,6547
12,6548
96,6549
775,6550
278,6551
93,6552
69,6553
482,6554
642,6555
366,6556
324,6557
123,6558
595,6559
8,6560
989,6561
540,6562
20,6563
707,6564
899,6565
374,6566
982,6567
470,6568
776,6569
969,6570
667,6571
643,6572
154,6573
678,6574
42,6575
153,6576
735,6577
654,6578
987,6579
652,6580
278,6581
86,6582
107,6583
393,6584
209,6585
914,6586
435,6587
522,6588
931,6589
661,6590
359,6591
276,6592
808,6593
959,6594
438,6595
918,6596
389,6597
508,6598
79,6599
422,6600
120,6601
690,6602
879,6603
299,6604
609,6605
303,6606
418,6607
838,6608
690,6609
494,6610
498,6611
884,6612
532,6613
73,6614
985,6615
536,6616
225,6617
385,6618
576,6619
765,6620
576,6621
578,6622
380,6623
562,6624
794,6625
790,6626
227,6627
272,6628
167,6629
479,6630
458,6631
578,6632
376,6633
930,6634
637,6635
679,6636
514,6637
756,6638
417,6639
558,6640
106,6641
411,6642
9,6643
781,6644
381,6645
994,6646
681,6647
491,6648
314,6649
944,6650
22,6651
658,6652
835,6653
729,6654
818,6655
445,6656
655,6657
398,6658
680,6659
387,6660
565,6661
3,6662
3,6663
224,6664
749,6665
238,6666
71,6667
672,6668
639,6669
494,6670
265,6671
577,6672
844,6673
219,6674
181,6675
466,6676
413,6677
101,6678
782,6679
73,6680
98,6681
133,6682
272,6683
201,6684
532,6685
981,6686
349,6687
974,6688
618,6689
49,6690
844,6691
463,6692
866,6693
485,6694
33,6695
672,6696
533,6697
394,6698
673,6699
637,6700
215,6701
332,6702
352,6703
17,6704
225,6705
610,6706
911,6707
531,6708
223,6709
535,6710
543,6711
351,6712
462,6713
281,6714
724,6715
702,6716
73,6717
669,6718
974,6719
474,6720
722,6721
913,6722
559,6723
989,6724
72,6725
960,6726
593,6727
887,6728
927,6729
32,6730
183,6731
635,6732
699,6733
357,6734
605,6735
460,6736
691,6737
306,6738
296,6739
951,6740
730,6741
143,6742
154,6743
211,6744
938,6745
81,6746
973,6747
472,6748
381,6749
966,6750
252,6751
412,6752
214,6753
650,6754
810,6755
794,6756
210,6757
532,6758
553,6759
347,6760
860,6761
680,6762
955,6763
744,6764
429,6765
114,6766
149,6767
582,6768
547,6769
87,6770
376,6771
340,6772
957,6773
129,6774
164,6775
383,6776
57,6777
347,6778
753,6779
741,6780
880,6781
675,6782
747,6783
827,6784
811,6785
480,6786
664,6787
794,6788
820,6789
583,6790
52,6791
419,6792
1000,6793
156,6794
657,6795
768,6796
885,6797
245,6798
56,6799
214,6800
333,6801
874,6802
566,6803
840,6804
730,6805
729,6806
330,6807
779,6808
764,6809
676,6810
374,6811
679,6812
490,6813
969,6814
224,6815
190,6816
908,6817
245,6818
759,6819
554,6820
961,6821
333,6822
696,6823
181,6824
932,6825
460,6826
697,6827
682,6828
534,6829
525,6830
236,6831
196,6832
108,6833
124,6834
330,6835
235,6836
758,6837
752,6838
210,6839
546,6840
205,6841
620,6842
541,6843
799,6844
193,6845
840,6846
991,6847
647,6848
490,6849
306,6850
774,6851
969,6852
569,6853
514,6854
635,6855
824,6856
766,6857
122,6858
829,6859
620,6860
568,6861
359,6862
128,6863
133,6864
670,6865
603,6866
425,6867
123,6868
84,6869
550,6870
918,6871
830,6872
970,6873
849,6874
344,6875
26,6876
692,6877
967,6878
839,6879
957,6880
732,6881
727,6882
716,6883
87,6884
669,6885
779,6886
708,6887
717,6888
122,6889
789,6890
878,6891
402,6892
819,6893
580,6894
608,6895
589,6896
782,6897
555,6898
333,6899
903,6900
886,6901
340,6902
155,6903
790,6904
445,6905
272,6906
622,6907
834,6908
675,6909
577,6910
107,6911
347,6912
626,6913
721,6914
761,6915
661,6916
753,6917
628,6918
751,6919
313,6920
661,6921
834,6922
517,6923
965,6924
282,6925
844,6926
848,6927
406,6928
739,6929
429,6930
848,6931
183,6932
990,6933
501,6934
910,6935
252,6936
4,6937
726,6938
932,6939
56,6940
33,6941
336,6942
728,6943
124,6944
150,6945
559,6946
722,6947
723,6948
312,6949
833,6950
407,6951
280,6952
956,6953
814,6954
468,6955
967,6956
443,6957
878,6958
642,6959
125,6960
763,6961
255,6962
310,6963
596,6964
348,6965
880,6966
774,6967
262,6968
923,6969
745,6970
143,6971
116,6972
799,6973
920,6974
961,6975
255,6976
633,6977
69,6978
497,6979
784,6980
807,6981
712,6982
867,6983
340,6984
208,6985
826,6986
161,6987
864,6988
999,6989
116,6990
908,6991
599,6992
987,6993
908,6994
595,6995
677,6996
205,6997
199,6998
736,6999
662,7000
573,7001
806,7002
973,7003
429,7004
550,7005
558,7006
50,7007
865,7008
927,7009
780,7010
322,7011
170,7012
362,7013
108,7014
874,7015
28,7016
642,7017
667,7018
652,7019
254,7020
652,7021
905,7022
236,7023
231,7024
877,7025
85,7026
602,7027
117,7028
321,7029
950,7030
651,7031
92,7032
139,7033
206,7034
719,7035
738,7036
824,7037
203,7038
750,7039
66,7040
123,7041
931,7042
794,7043
946,7044
502,7045
68,7046
992,7047
59,7048
114,7049
404,7050
497,7051
322,7052
614,7053
210,7054
796,7055
913,7056
958,7057
13,7058
357,7059
884,7060
660,7061
925,7062
2,7063
939,7064
335,7065
510,7066
953,7067
554,7068
924,7069
231,7070
506,7071
617,7072
754,7073
527,7074
28,7075
458,7076
863,7077
116,7078
897,7079
156,7080
275,7081
858,7082
436,7083
711,7084
334,7085
413,7086
188,7087
591,7088
621,7089
247,7090
880,7091
711,7092
609,7093
86,7094
160,7095
510,7096
471,7097
718,7098
942,7099
308,7100
456,7101
637,7102
295,7103
639,7104
886,7105
436,7106
334,7107
974,7108
849,7109
616,7110
541,7111
159,7112
527,7113
313,7114
28,7115
932,7116
822,7117
583,7118
901,7119
264,7120
868,7121
209,7122
756,7123
954,7124
292,7125
655,7126
571,7127
766,7128
728,7129
421,7130
805,7131
681,7132
655,7133
886,7134
644,7135
249,7136
588,7137
580,7138
918,7139
631,7140
995,7141
101,7142
458,7143
974,7144
774,7145
141,7146
122,7147
77,7148
740,7149
14,7150
174,7151
394,7152
910,7153
715,7154
502,7155
168,7156
93,7157
723,7158
167,7159
787,7160
480,7161
30,7162
564,7163
725,7164
932,7165
558,7166
587,7167
653,7168
507,7169
890,7170
909,7171
987,7172
680,7173
246,7174
913,7175
754,7176
469,7177
180,7178
363,7179
564,7180
509,7181
646,7182
897,7183
442,7184
706,7185
177,7186
241,7187
317,7188
406,7189
857,7190
171,7191
198,7192
902,7193
989,7194
409,7195
590,7196
616,7197
810,7198
212,7199
197,7200
596,7201
107,7202
545,7203
461,7204
290,7205
277,7206
291,7207
250,7208
200,7209
345,7210
235,7211
498,7212
216,7213
933,7214
772,7215
21,7216
928,7217
828,7218
404,7219
282,7220
740,7221
898,7222
473,7223
166,7224
5,7225
942,7226
852,7227
748,7228
452,7229
569,7230
469,7231
304,7232
562,7233
879,7234
897,7235
975,7236
11,7237
689,7238
28,7239
729,7240
676,7241
463,7242
819,7243
277,7244
846,7245
1000,7246
401,7247
614,7248
215,7249
492,7250
802,7251
169,7252
59,7253
631,7254
425,7255
160,7256
341,7257
963,7258
903,7259
975,7260
796,7261
140,7262
647,7263
315,7264
467,7265
624,7266
625,7267
184,7268
999,7269
721,7270
837,7271
413,7272
469,7273
914,7274
196,7275
761,7276
661,7277
590,7278
801,7279
456,7280
223,7281
571,7282
197,7283
566,7284
912,7285
911,7286
719,7287
361,7288
167,7289
979,7290
672,7291
728,7292
71,7293
273,7294
563,7295
386,7296
351,7297
644,7298
892,7299
473,7300
600,7301
323,7302
205,7303
922,7304
630,7305
682,7306
211,7307
679,7308
221,7309
789,7310
697,7311
113,7312
199,7313
832,7314
633,7315
971,7316
328,7317
317,7318
636,7319
467,7320
894,7321
928,7322
797,7323
59,7324
520,7325
665,7326
430,7327
309,7328
327,7329
548,7330
551,7331
511,7332
353,7333
144,7334
445,7335
214,7336
860,7337
793,7338
62,7339
883,7340
844,7341
962,7342
813,7343
923,7344
987,7345
721,7346
778,7347
758,7348
584,7349
406,7350
641,7351
375,7352
901,7353
438,7354
789,7355
690,7356
535,7357
744,7358
555,7359
909,7360
606,7361
291,7362
43,7363
562,7364
643,7365
100,7366
984,7367
88,7368
80,7369
117,7370
768,7371
394,7372
717,7373
458,7374
463,7375
50,7376
165,7377
443,7378
748,7379
479,7380
967,7381
178,7382
619,7383
18,7384
175,7385
287,7386
618,7387
681,7388
517,7389
768,7390
822,7391
996,7392
270,7393
895,7394
435,7395
937,7396
879,7397
443,7398
799,7399
712,7400
658,7401
432,7402
653,7403
662,7404
715,7405
451,7406
562,7407
42,7408
666,7409
893,7410
340,7411
979,7412
947,7413
747,7414
480,7415
962,7416
955,7417
858,7418
116,7419
995,7420
573,7421
493,7422
40,7423
547,7424
891,7425
320,7426
274,7427
118,7428
40,7429
934,7430
73,7431
173,7432
170,7433
884,7434
413,7435
280,7436
698,7437
224,7438
817,7439
146,7440
287,7441
142,7442
619,7443
602,7444
778,7445
308,7446
379,7447
753,7448
459,7449
75,7450
429,7451
330,7452
167,7453
84,7454
147,7455
288,7456
240,7457
846,7458
498,7459
681,7460
774,7461
700,7462
244,7463
169,7464
471,7465
506,7466
650,7467
506,7468
409,7469
950,7470
977,7471
633,7472
6,7473
902,7474
414,7475
693,7476
320,7477
768,7478
671,7479
556,7480
940,7481
129,7482
257,7483
530,7484
380,7485
672,7486
895,7487
309,7488
920,7489
850,7490
561,7491
520,7492
367,7493
133,7494
306,7495
680,7496
634,7497
241,7498
289,7499
69,7500
454,7501
279,7502
553,7503
982,7504
590,7505
686,7506
636,7507
553,7508
717,7509
70,7510
306,7511
326,7512
770,7513
112,7514
985,7515
905,7516
935,7517
591,7518
705,7519
730,7520
631,7521
73,7522
104,7523
379,7524
150,7525
565,7526
553,7527
780,7528
299,7529
692,7530
743,7531
312,7532
951,7533
489,7534
732,7535
519,7536
407,7537
482,7538
602,7539
139,7540
4,7541
956,7542
587,7543
350,7544
949,7545
805,7546
825,7547
590,7548
491,7549
611,7550
283,7551
730,7552
99,7553
150,7554
950,7555
356,7556
58,7557
424,7558
33,7559
498,7560
357,7561
742,7562
248,7563
208,7564
919,7565
430,7566
33,7567
384,7568
49,7569
168,7570
104,7571
904,7572
456,7573
697,7574
471,7575
715,7576
613,7577
994,7578
293,7579
361,7580
62,7581
893,7582
117,7583
760,7584
853,7585
531,7586
191,7587
86,7588
905,7589
81,7590
487,7591
64,7592
19,7593
885,7594
553,7595
890,7596
704,7597
235,7598
866,7599
333,7600
607,7601
73,7602
1000,7603
991,7604
460,7605
373,7606
150,7607
558,7608
176,7609
984,7610
221,7611
28,7612
864,7613
293,7614
822,7615
831,7616
270,7617
175,7618
629,7619
535,7620
423,7621
343,7622
401,7623
902,7624
617,7625
772,7626
607,7627
591,7628
315,7629
753,7630
24,7631
59,7632
667,7633
842,7634
367,7635
346,7636
29,7637
264,7638
78,7639
308,7640
956,7641
562,7642
322,7643
462,7644
64,7645
986,7646
483,7647
286,7648
812,7649
951,7650
395,7651
845,7652
391,7653
594,7654
368,7655
355,7656
369,7657
398,7658
844,7659
946,7660
463,7661
731,7662
826,7663
498,7664
266,7665
763,7666
922,7667
533,7668
940,7669
703,7670
505,7671
810,7672
970,7673
431,7674
484,7675
726,7676
840,7677
191,7678
512,7679
193,7680
171,7681
690,7682
920,7683
628,7684
343,7685
378,7686
488,7687
548,7688
341,7689
311,7690
976,7691
912,7692
922,7693
431,7694
153,7695
69,7696
471,7697
293,7698
672,7699
895,7700
142,7701
317,7702
881,7703
879,7704
164,7705
920,7706
505,7707
539,7708
903,7709
615,7710
484,7711
838,7712
294,7713
761,7714
982,7715
368,7716
291,7717
122,7718
998,7719
667,7720
310,7721
461,7722
351,7723
810,7724
707,7725
444,7726
49,7727
857,7728
659,7729
719,7730
189,7731
43,7732
178,7733
468,7734
785,7735
194,7736
369,7737
504,7738
17,7739
832,7740
719,7741
297,7742
440,7743
745,7744
808,7745
425,7746
932,7747
729,7748
908,7749
926,7750
791,7751
901,7752
828,7753
256,7754
558,7755
324,7756
568,7757
915,7758
403,7759
454,7760
474,7761
821,7762
68,7763
850,7764
896,7765
345,7766
615,7767
797,7768
675,7769
362,7770
505,7771
859,7772
218,7773
186,7774
578,7775
204,7776
285,7777
601,7778
956,7779
293,7780
687,7781
617,7782
603,7783
584,7784
478,7785
580,7786
177,7787
696,7788
615,7789
501,7790
323,7791
2,7792
225,7793
424,7794
457,7795
613,7796
248,7797
144,7798
354,7799
979,7800
815,7801
15,7802
538,7803
774,7804
680,7805
159,7806
450,7807
626,7808
649,7809
491,7810
885,7811
253,7812
289,7813
44,7814
172,7815
434,7816
327,7817
106,7818
464,7819
37,7820
137,7821
648,7822
140,7823
437,7824
374,7825
565,7826
151,7827
469,7828
645,7829
164,7830
511,7831
825,7832
715,7833
736,7834
807,7835
972,7836
166,7837
66,7838
978,7839
227,7840
332,7841
516,7842
788,7843
552,7844
622,7845
165,7846
83,7847
246,7848
39,7849
663,7850
948,7851
481,7852
233,7853
371,7854
507,7855
700,7856
689,7857
755,7858
868,7859
814,7860
788,7861
44,7862
434,7863
383,7864
347,7865
323,7866
789,7867
765,7868
157,7869
119,7870
83,7871
416,7872
937,7873
537,7874
596,7875
556,7876
792,7877
302,7878
553,7879
171,7880
286,7881
944,7882
18,7883
798,7884
7,7885
280,7886
815,7887
696,7888
590,7889
404,7890
904,7891
184,7892
839,7893
643,7894
559,7895
853,7896
581,7897
268,7898
947,7899
459,7900
751,7901
243,7902
164,7903
916,7904
196,7905
114,7906
70,7907
200,7908
562,7909
187,7910
631,7911
703,7912
524,7913
956,7914
330,7915
71,7916
9,7917
424,7918
963,7919
689,7920
164,7921
63,7922
407,7923
998,7924
573,7925
164,7926
974,7927
446,7928
644,7929
489,7930
540,7931
614,7932
997,7933
487,7934
959,7935
751,7936
298,7937
228,7938
322,7939
333,7940
697,7941
337,7942
305,7943
300,7944
399,7945
887,7946
40,7947
933,7948
478,7949
661,7950
154,7951
859,7952
740,7953
228,7954
77,7955
291,7956
124,7957
501,7958
764,7959
504,7960
636,7961
602,7962
618,7963
253,7964
418,7965
507,7966
872,7967
894,7968
946,7969
352,7970
18,7971
480,7972
841,7973
238,7974
988,7975
48,7976
175,7977
372,7978
142,7979
423,7980
223,7981
971,7982
424,7983
292,7984
383,7985
266,7986
118,7987
552,7988
780,7989
807,7990
200,7991
257,7992
595,7993
550,7994
232,7995
134,7996
690,7997
79,7998
344,7999
766,8000
911,8001
152,8002
22,8003
133,8004
828,8005
92,8006
683,8007
474,8008
276,8009
323,8010
293,8011
998,8012
838,8013
288,8014
456,8015
994,8016
289,8017
393,8018
884,8019
533,8020
956,8021
69,8022
843,8023
213,8024
58,8025
354,8026
885,8027
449,8028
908,8029
697,8030
850,8031
241,8032
266,8033
170,8034
846,8035
232,8036
595,8037
488,8038
749,8039
377,8040
775,8041
355,8042
981,8043
973,8044
551,8045
127,8046
689,8047
808,8048
339,8049
301,8050
447,8051
379,8052
223,8053
215,8054
328,8055
212,8056
762,8057
702,8058
414,8059
876,8060
896,8061
11,8062
849,8063
351,8064
543,8065
349,8066
231,8067
517,8068
567,8069
663,8070
995,8071
609,8072
879,8073
264,8074
871,8075
352,8076
97,8077
148,8078
330,8079
218,8080
843,8081
949,8082
790,8083
542,8084
63,8085
143,8086
907,8087
461,8088
20,8089
451,8090
652,8091
801,8092
51,8093
955,8094
364,8095
93,8096
163,8097
872,8098
335,8099
766,8100
411,8101
400,8102
290,8103
755,8104
602,8105
352,8106
553,8107
66,8108
138,8109
784,8110
41,8111
292,8112
411,8113
838,8114
716,8115
523,8116
675,8117
443,8118
61,8119
814,8120
917,8121
968,8122
230,8123
542,8124
711,8125
841,8126
998,8127
710,8128
426,8129
855,8130
136,8131
857,8132
343,8133
557,8134
525,8135
103,8136
688,8137
384,8138
138,8139
604,8140
615,8141
373,8142
897,8143
957,8144
793,8145
372,8146
896,8147
985,8148
285,8149
904,8150
453,8151
992,8152
202,8153
733,8154
743,8155
162,8156
688,8157
873,8158
584,8159
220,8160
615,8161
714,8162
902,8163
758,8164
789,8165
77,8166
964,8167
88,8168
149,8169
942,8170
622,8171
808,8172
678,8173
374,8174
213,8175
781,8176
435,8177
396,8178
538,8179
770,8180
168,8181
727,8182
942,8183
30,8184
116,8185
111,8186
237,8187
897,8188
253,8189
600,8190
382,8191
953,8192
682,8193
600,8194
832,8195
307,8196
529,8197
187,8198
784,8199
718,8200
31,8201
198,8202
226,8203
252,8204
627,8205
880,8206
73,8207
276,8208
144,8209
800,8210
521,8211
101,8212
117,8213
66,8214
250,8215
563,8216
466,8217
671,8218
579,8219
391,8220
107,8221
801,8222
280,8223
139,8224
121,8225
54,8226
898,8227
627,8228
494,8229
430,8230
337,8231
556,8232
874,8233
984,8234
633,8235
185,8236
191,8237
342,8238
194,8239
977,8240
818,8241
767,8242
332,8243
714,8244
194,8245
732,8246
21,8247
26,8248
726,8249
683,8250
950,8251
637,8252
381,8253
989,8254
378,8255
282,8256
691,8257
508,8258
771,8259
430,8260
304,8261
128,8262
728,8263
595,8264
901,8265
622,8266
826,8267
692,8268
652,8269
305,8270
603,8271
258,8272
23,8273
510,8274
485,8275
736,8276
744,8277
923,8278
406,8279
58,8280
514,8281
68,8282
938,8283
715,8284
86,8285
172,8286
686,8287
391,8288
574,8289
899,8290
656,8291
620,8292
573,8293
784,8294
366,8295
202,8296
161,8297
546,8298
207,8299
77,8300
330,8301
617,8302
533,8303
743,8304
640,8305
69,8306
856,8307
713,8308
602,8309
34,8310
984,8311
23,8312
432,8313
792,8314
795,8315
250,8316
981,8317
692,8318
608,8319
622,8320
824,8321
523,8322
548,8323
362,8324
641,8325
30,8326
370,8327
573,8328
618,8329
478,8330
240,8331
460,8332
986,8333
892,8334
304,8335
826,8336
649,8337
287,8338
990,8339
587,8340
964,8341
778,8342
786,8343
844,8344
567,8345
188,8346
521,8347
793,8348
470,8349
458,8350
674,8351
182,8352
992,8353
329,8354
394,8355
359,8356
53,8357
944,8358
442,8359
262,8360
427,8361
625,8362
835,8363
860,8364
261,8365
865,8366
999,8367
954,8368
712,8369
1,8370
346,8371
529,8372
833,8373
424,8374
947,8375
302,8376
553,8377
16,8378
367,8379
848,8380
637,8381
985,8382
59,8383
687,8384
758,8385
648,8386
666,8387
658,8388
200,8389
337,8390
852,8391
592,8392
407,8393
628,8394
300,8395
115,8396
952,8397
650,8398
854,8399
429,8400
830,8401
771,8402
556,8403
577,8404
610,8405
187,8406
780,8407
91,8408
344,8409
771,8410
475,8411
616,8412
653,8413
976,8414
73,8415
428,8416
887,8417
198,8418
635,8419
939,8420
204,8421
324,8422
146,8423
606,8424
686,8425
29,8426
761,8427
474,8428
743,8429
185,8430
268,8431
645,8432
138,8433
496,8434
632,8435
41,8436
957,8437
85,8438
331,8439
259,8440
837,8441
902,8442
361,8443
554,8444
220,8445
500,8446
894,8447
372,8448
795,8449
322,8450
910,8451
173,8452
584,8453
633,8454
498,8455
979,8456
449,8457
118,8458
672,8459
128,8460
334,8461
85,8462
709,8463
443,8464
765,8465
618,8466
390,8467
181,8468
172,8469
21,8470
345,8471
946,8472
612,8473
815,8474
234,8475
985,8476
213,8477
318,8478
860,8479
198,8480
249,8481
960,8482
320,8483
815,8484
96,8485
760,8486
881,8487
167,8488
692,8489
856,8490
799,8491
114,8492
238,8493
923,8494
267,8495
997,8496
785,8497
493,8498
293,8499
93,8500
146,8501
7,8502
324,8503
853,8504
840,8505
267,8506
948,8507
987,8508
749,8509
469,8510
389,8511
969,8512
810,8513
616,8514
159,8515
56,8516
922,8517
144,8518
783,8519
765,8520
984,8521
928,8522
165,8523
600,8524
353,8525
783,8526
270,8527
864,8528
287,8529
174,8530
467,8531
17,8532
988,8533
215,8534
653,8535
312,8536
417,8537
159,8538
588,8539
685,8540
949,8541
992,8542
748,8543
483,8544
425,8545
89,8546
588,8547
423,8548
93,8549
976,8550
547,8551
374,8552
115,8553
800,8554
363,8555
905,8556
944,8557
349,8558
567,8559
71,8560
839,8561
672,8562
649,8563
990,8564
314,8565
590,8566
774,8567
559,8568
696,8569
385,8570
707,8571
82,8572
465,8573
972,8574
151,8575
68,8576
519,8577
5,8578
238,8579
718,8580
202,8581
112,8582
78,8583
332,8584
798,8585
16,8586
714,8587
752,8588
479,8589
259,8590
99,8591
435,8592
281,8593
210,8594
146,8595
669,8596
642,8597
962,8598
112,8599
973,8600
183,8601
17,8602
193,8603
225,8604
789,8605
797,8606
291,8607
199,8608
222,8609
305,8610
344,8611
345,8612
285,8613
523,8614
513,8615
470,8616
70,8617
978,8618
256,8619
981,8620
342,8621
272,8622
680,8623
453,8624
465,8625
227,8626
547,8627
866,8628
576,8629
666,8630
818,8631
510,8632
240,8633
692,8634
483,8635
786,8636
862,8637
336,8638
150,8639
386,8640
402,8641
355,8642
64,8643
58,8644
169,8645
573,8646
866,8647
966,8648
761,8649
314,8650
234,8651
250,8652
922,8653
495,8654
510,8655
73,8656
241,8657
212,8658
489,8659
814,8660
328,8661
464,8662
1000,8663
954,8664
670,8665
992,8666
475,8667
657,8668
44,8669
87,8670
752,8671
639,8672
548,8673
797,8674
325,8675
708,8676
717,8677
907,8678
253,8679
528,8680
595,8681
240,8682
443,8683
393,8684
363,8685
453,8686
950,8687
115,8688
275,8689
793,8690
747,8691
959,8692
240,8693
627,8694
90,8695
876,8696
341,8697
146,8698
59,8699
720,8700
489,8701
788,8702
851,8703
750,8704
148,8705
313,8706
239,8707
81,8708
975,8709
202,8710
346,8711
152,8712
385,8713
428,8714
919,8715
650,8716
115,8717
918,8718
548,8719
574,8720
275,8721
966,8722
15,8723
972,8724
166,8725
404,8726
201,8727
505,8728
706,8729
614,8730
241,8731
254,8732
699,8733
483,8734
636,8735
470,8736
662,8737
346,8738
823,8739
907,8740
70,8741
976,8742
294,8743
460,8744
263,8745
973,8746
435,8747
640,8748
131,8749
297,8750
848,8751
207,8752
961,8753
994,8754
884,8755
993,8756
315,8757
982,8758
408,8759
466,8760
426,8761
973,8762
852,8763
177,8764
709,8765
857,8766
676,8767
42,8768
71,8769
559,8770
404,8771
368,8772
853,8773
945,8774
759,8775
292,8776
287,8777
262,8778
472,8779
308,8780
81,8781
42,8782
791,8783
702,8784
803,8785
73,8786
428,8787
562,8788
535,8789
928,8790
644,8791
905,8792
695,8793
884,8794
501,8795
984,8796
953,8797
775,8798
553,8799
41,8800
202,8801
714,8802
348,8803
421,8804
982,8805
782,8806
320,8807
102,8808
469,8809
148,8810
525,8811
652,8812
265,8813
959,8814
745,8815
147,8816
195,8817
652,8818
455,8819
707,8820
908,8821
392,8822
13,8823
562,8824
170,8825
693,8826
278,8827
371,8828
727,8829
788,8830
35,8831
686,8832
816,8833
882,8834
41,8835
962,8836
811,8837
213,8838
403,8839
207,8840
739,8841
374,8842
835,8843
186,8844
145,8845
266,8846
809,8847
352,8848
260,8849
366,8850
375,8851
292,8852
449,8853
623,8854
954,8855
158,8856
517,8857
619,8858
706,8859
237,8860
688,8861
875,8862
265,8863
822,8864
791,8865
528,8866
922,8867
162,8868
591,8869
82,8870
908,8871
346,8872
421,8873
594,8874
452,8875
367,8876
810,8877
782,8878
463,8879
819,8880
576,8881
188,8882
223,8883
529,8884
888,8885
841,8886
514,8887
686,8888
554,8889
246,8890
577,8891
336,8892
576,8893
649,8894
191,8895
949,8896
823,8897
356,8898
54,8899
863,8900
333,8901
4,8902
734,8903
399,8904
937,8905
217,8906
899,8907
448,8908
753,8909
290,8910
558,8911
412,8912
38,8913
579,8914
463,8915
472,8916
955,8917
825,8918
309,8919
372,8920
230,8921
170,8922
379,8923
343,8924
333,8925
726,8926
592,8927
121,8928
775,8929
842,8930
281,8931
6,8932
729,8933
897,8934
938,8935
281,8936
473,8937
604,8938
873,8939
81,8940
558,8941
40,8942
823,8943
223,8944
426,8945
870,8946
576,8947
979,8948
843,8949
159,8950
688,8951
914,8952
249,8953
427,8954
917,8955
766,8956
337,8957
504,8958
708,8959
946,8960
776,8961
846,8962
7,8963
1000,8964
476,8965
719,8966
798,8967
183,8968
476,8969
283,8970
533,8971
670,8972
85,8973
195,8974
65,8975
260,8976
549,8977
686,8978
70,8979
922,8980
517,8981
824,8982
501,8983
339,8984
346,8985
230,8986
973,8987
20,8988
3,8989
247,8990
477,8991
512,8992
63,8993
65,8994
464,8995
671,8996
780,8997
175,8998
593,8999
425,9000
202,9001
465,9002
509,9003
220,9004
687,9005
677,9006
741,9007
823,9008
493,9009
890,9010
698,9011
333,9012
179,9013
238,9014
22,9015
154,9016
997,9017
488,9018
536,9019
802,9020
334,9021
281,9022
729,9023
33,9024
954,9025
254,9026
663,9027
130,9028
604,9029
619,9030
900,9031
609,9032
378,9033
286,9034
875,9035
27,9036
360,9037
282,9038
582,9039
433,9040
146,9041
556,9042
835,9043
404,9044
13,9045
165,9046
558,9047
188,9048
499,9049
929,9050
20,9051
506,9052
432,9053
810,9054
559,9055
452,9056
205,9057
722,9058
644,9059
742,9060
674,9061
40,9062
944,9063
382,9064
570,9065
171,9066
724,9067
826,9068
782,9069
992,9070
27,9071
330,9072
470,9073
824,9074
868,9075
260,9076
711,9077
550,9078
300,9079
435,9080
297,9081
58,9082
121,9083
241,9084
1000,9085
112,9086
48,9087
270,9088
210,9089
395,9090
722,9091
424,9092
385,9093
912,9094
292,9095
613,9096
474,9097
869,9098
334,9099
873,9100
756,9101
495,9102
101,9103
386,9104
789,9105
36,9106
687,9107
79,9108
463,9109
674,9110
198,9111
423,9112
197,9113
442,9114
55,9115
272,9116
58,9117
79,9118
693,9119
382,9120
828,9121
338,9122
359,9123
880,9124
465,9125
417,9126
490,9127
157,9128
771,9129
538,9130
477,9131
617,9132
441,9133
961,9134
860,9135
360,9136
856,9137
142,9138
519,9139
320,9140
441,9141
838,9142
241,9143
571,9144
51,9145
684,9146
259,9147
158,9148
947,9149
126,9150
970,9151
592,9152
200,9153
210,9154
335,9155
625,9156
715,9157
631,9158
112,9159
402,9160
102,9161
605,9162
190,9163
739,9164
989,9165
626,9166
106,9167
943,9168
839,9169
336,9170
650,9171
457,9172
517,9173
525,9174
493,9175
707,9176
638,9177
167,9178
380,9179
347,9180
703,9181
691,9182
516,9183
995,9184
883,9185
3,9186
809,9187
768,9188
75,9189
825,9190
352,9191
350,9192
104,9193
625,9194
815,9195
674,9196
960,9197
298,9198
125,9199
454,9200
536,9201
176,9202
814,9203
893,9204
796,9205
472,9206
566,9207
768,9208
808,9209
890,9210
182,9211
754,9212
768,9213
944,9214
351,9215
525,9216
641,9217
343,9218
159,9219
526,9220
409,9221
863,9222
43,9223
145,9224
78,9225
448,9226
601,9227
601,9228
280,9229
93,9230
312,9231
450,9232
685,9233
548,9234
396,9235
386,9236
328,9237
694,9238
909,9239
174,9240
779,9241
239,9242
420,9243
118,9244
203,9245
805,9246
285,9247
509,9248
392,9249
972,9250
696,9251
252,9252
334,9253
562,9254
804,9255
530,9256
341,9257
128,9258
933,9259
83,9260
282,9261
99,9262
95,9263
457,9264
315,9265
336,9266
12,9267
620,9268
115,9269
745,9270
941,9271
816,9272
835,9273
107,9274
26,9275
385,9276
609,9277
986,9278
67,9279
888,9280
618,9281
504,9282
479,9283
340,9284
815,9285
974,9286
613,9287
541,9288
11,9289
23,9290
933,9291
325,9292
683,9293
590,9294
477,9295
458,9296
485,9297
7,9298
920,9299
362,9300
542,9301
34,9302
853,9303
827,9304
420,9305
865,9306
138,9307
601,9308
472,9309
257,9310
978,9311
485,9312
384,9313
548,9314
365,9315
54,9316
293,9317
505,9318
364,9319
601,9320
478,9321
572,9322
380,9323
870,9324
589,9325
65,9326
974,9327
114,9328
24,9329
710,9330
95,9331
951,9332
200,9333
593,9334
568,9335
557,9336
345,9337
366,9338
954,9339
122,9340
134,9341
451,9342
123,9343
652,9344
589,9345
474,9346
381,9347
486,9348
440,9349
939,9350
910,9351
915,9352
822,9353
353,9354
528,9355
391,9356
162,9357
833,9358
286,9359
155,9360
637,9361
907,9362
88,9363
311,9364
894,9365
659,9366
70,9367
288,9368
665,9369
666,9370
37,9371
807,9372
649,9373
329,9374
919,9375
907,9376
298,9377
794,9378
112,9379
828,9380
241,9381
722,9382
209,9383
518,9384
329,9385
769,9386
518,9387
59,9388
922,9389
347,9390
73,9391
614,9392
860,9393
976,9394
844,9395
52,9396
829,9397
597,9398
847,9399
256,9400
130,9401
155,9402
382,9403
767,9404
898,9405
857,9406
173,9407
343,9408
921,9409
715,9410
814,9411
650,9412
453,9413
671,9414
263,9415
381,9416
853,9417
409,9418
223,9419
864,9420
608,9421
57,9422
169,9423
687,9424
24,9425
596,9426
223,9427
750,9428
329,9429
555,9430
863,9431
119,9432
241,9433
639,9434
790,9435
978,9436
898,9437
955,9438
987,9439
550,9440
372,9441
786,9442
922,9443
233,9444
433,9445
923,9446
343,9447
741,9448
884,9449
316,9450
646,9451
344,9452
448,9453
968,9454
237,9455
745,9456
199,9457
947,9458
997,9459
763,9460
453,9461
431,9462
451,9463
465,9464
476,9465
244,9466
630,9467
845,9468
957,9469
649,9470
191,9471
63,9472
782,9473
839,9474
611,9475
886,9476
181,9477
804,9478
466,9479
761,9480
111,9481
257,9482
871,9483
89,9484
544,9485
325,9486
764,9487
918,9488
289,9489
182,9490
495,9491
619,9492
145,9493
46,9494
623,9495
463,9496
941,9497
69,9498
821,9499
443,9500
174,9501
351,9502
904,9503
468,9504
663,9505
362,9506
810,9507
246,9508
463,9509
899,9510
382,9511
567,9512
174,9513
288,9514
944,9515
210,9516
828,9517
993,9518
927,9519
660,9520
142,9521
638,9522
269,9523
58,9524
19,9525
931,9526
668,9527
626,9528
992,9529
744,9530
810,9531
496,9532
331,9533
261,9534
651,9535
283,9536
361,9537
909,9538
260,9539
418,9540
484,9541
809,9542
312,9543
177,9544
907,9545
474,9546
812,9547
906,9548
834,9549
54,9550
289,9551
819,9552
170,9553
164,9554
553,9555
843,9556
828,9557
654,9558
17,9559
8,9560
600,9561
589,9562
441,9563
867,9564
165,9565
993,9566
496,9567
105,9568
74,9569
349,9570
769,9571
826,9572
424,9573
894,9574
329,9575
694,9576
763,9577
364,9578
824,9579
18,9580
5,9581
588,9582
309,9583
33,9584
848,9585
583,9586
251,9587
876,9588
25,9589
915,9590
290,9591
604,9592
451,9593
897,9594
790,9595
885,9596
416,9597
698,9598
944,9599
229,9600
523,9601
873,9602
717,9603
430,9604
121,9605
111,9606
289,9607
147,9608
683,9609
887,9610
910,9611
974,9612
932,9613
967,9614
923,9615
104,9616
944,9617
814,9618
461,9619
197,9620
75,9621
694,9622
856,9623
718,9624
47,9625
345,9626
68,9627
820,9628
638,9629
651,9630
615,9631
665,9632
390,9633
362,9634
630,9635
766,9636
2,9637
656,9638
19,9639
383,9640
856,9641
987,9642
323,9643
572,9644
507,9645
149,9646
784,9647
225,9648
907,9649
409,9650
438,9651
435,9652
869,9653
210,9654
17,9655
994,9656
898,9657
822,9658
853,9659
557,9660
891,9661
311,9662
691,9663
361,9664
776,9665
751,9666
844,9667
81,9668
875,9669
286,9670
951,9671
639,9672
898,9673
521,9674
639,9675
954,9676
573,9677
734,9678
595,9679
342,9680
950,9681
258,9682
157,9683
603,9684
528,9685
94,9686
847,9687
204,9688
489,9689
876,9690
340,9691
67,9692
956,9693
274,9694
91,9695
547,9696
426,9697
199,9698
88,9699
972,9700
163,9701
639,9702
857,9703
751,9704
642,9705
471,9706
515,9707
669,9708
735,9709
231,9710
469,9711
792,9712
145,9713
533,9714
357,9715
562,9716
507,9717
691,9718
598,9719
17,9720
703,9721
579,9722
339,9723
349,9724
363,9725
411,9726
496,9727
927,9728
206,9729
785,9730
338,9731
255,9732
231,9733
809,9734
52,9735
865,9736
925,9737
2,9738
798,9739
103,9740
924,9741
899,9742
261,9743
225,9744
456,9745
98,9746
380,9747
251,9748
349,9749
942,9750
539,9751
792,9752
568,9753
120,9754
152,9755
973,9756
946,9757
415,9758
804,9759
618,9760
100,9761
404,9762
541,9763
609,9764
782,9765
562,9766
443,9767
594,9768
444,9769
863,9770
933,9771
41,9772
839,9773
281,9774
899,9775
108,9776
629,9777
944,9778
980,9779
60,9780
696,9781
28,9782
360,9783
76,9784
383,9785
115,9786
552,9787
981,9788
809,9789
287,9790
877,9791
840,9792
519,9793
182,9794
274,9795
171,9796
606,9797
736,9798
487,9799
165,9800
895,9801
467,9802
507,9803
646,9804
425,9805
268,9806
651,9807
908,9808
821,9809
821,9810
407,9811
372,9812
441,9813
884,9814
109,9815
295,9816
834,9817
98,9818
957,9819
758,9820
88,9821
915,9822
726,9823
513,9824
928,9825
834,9826
45,9827
140,9828
612,9829
46,9830
152,9831
819,9832
438,9833
368,9834
225,9835
754,9836
846,9837
844,9838
369,9839
602,9840
31,9841
948,9842
198,9843
497,9844
507,9845
844,9846
401,9847
63,9848
864,9849
194,9850
565,9851
757,9852
135,9853
607,9854
743,9855
623,9856
913,9857
719,9858
976,9859
330,9860
541,9861
519,9862
652,9863
196,9864
574,9865
329,9866
639,9867
429,9868
594,9869
844,9870
619,9871
106,9872
345,9873
86,9874
569,9875
909,9876
856,9877
95,9878
892,9879
927,9880
238,9881
911,9882
604,9883
244,9884
828,9885
418,9886
72,9887
975,9888
462,9889
609,9890
600,9891
684,9892
899,9893
433,9894
946,9895
813,9896
55,9897
159,9898
543,9899
101,9900
949,9901
333,9902
536,9903
436,9904
988,9905
174,9906
837,9907
283,9908
52,9909
242,9910
718,9911
49,9912
359,9913
244,9914
292,9915
161,9916
785,9917
678,9918
258,9919
559,9920
144,9921
634,9922
136,9923
176,9924
709,9925
324,9926
178,9927
387,9928
433,9929
485,9930
503,9931
623,9932
300,9933
724,9934
168,9935
355,9936
539,9937
612,9938
405,9939
32,9940
576,9941
179,9942
644,9943
755,9944
885,9945
884,9946
282,9947
99,9948
204,9949
601,9950
442,9951
705,9952
360,9953
598,9954
530,9955
832,9956
595,9957
890,9958
480,9959
92,9960
176,9961
68,9962
692,9963
312,9964
749,9965
38,9966
333,9967
339,9968
364,9969
104,9970
385,9971
425,9972
142,9973
380,9974
107,9975
236,9976
531,9977
25,9978
700,9979
42,9980
754,9981
749,9982
814,9983
782,9984
58,9985
74,9986
336,9987
318,9988
999,9989
188,9990
916,9991
758,9992
256,9993
787,9994
437,9995
551,9996
82,9997
639,9998
740,9999
746,10000
